CREATE DATABASE  IF NOT EXISTS `co_madres_lg` /*!40100 DEFAULT CHARACTER SET utf8 */;
USE `co_madres_lg`;
-- MySQL dump 10.13  Distrib 5.6.17, for Win32 (x86)
--
-- Host: mysql.wunapps.com    Database: co_madres_lg
-- ------------------------------------------------------
-- Server version	5.1.56-log

/*!40101 SET @OLD_CHARACTER_SET_CLIENT=@@CHARACTER_SET_CLIENT */;
/*!40101 SET @OLD_CHARACTER_SET_RESULTS=@@CHARACTER_SET_RESULTS */;
/*!40101 SET @OLD_COLLATION_CONNECTION=@@COLLATION_CONNECTION */;
/*!40101 SET NAMES utf8 */;
/*!40103 SET @OLD_TIME_ZONE=@@TIME_ZONE */;
/*!40103 SET TIME_ZONE='+00:00' */;
/*!40014 SET @OLD_UNIQUE_CHECKS=@@UNIQUE_CHECKS, UNIQUE_CHECKS=0 */;
/*!40014 SET @OLD_FOREIGN_KEY_CHECKS=@@FOREIGN_KEY_CHECKS, FOREIGN_KEY_CHECKS=0 */;
/*!40101 SET @OLD_SQL_MODE=@@SQL_MODE, SQL_MODE='NO_AUTO_VALUE_ON_ZERO' */;
/*!40111 SET @OLD_SQL_NOTES=@@SQL_NOTES, SQL_NOTES=0 */;

--
-- Table structure for table `tbl_campaign_info`
--

DROP TABLE IF EXISTS `tbl_campaign_info`;
/*!40101 SET @saved_cs_client     = @@character_set_client */;
/*!40101 SET character_set_client = utf8 */;
CREATE TABLE `tbl_campaign_info` (
  `id` int(11) NOT NULL,
  `start_date` datetime DEFAULT NULL,
  PRIMARY KEY (`id`)
) ENGINE=MyISAM DEFAULT CHARSET=utf8;
/*!40101 SET character_set_client = @saved_cs_client */;

--
-- Dumping data for table `tbl_campaign_info`
--

LOCK TABLES `tbl_campaign_info` WRITE;
/*!40000 ALTER TABLE `tbl_campaign_info` DISABLE KEYS */;
INSERT INTO `tbl_campaign_info` VALUES (1,'2015-05-06 07:00:00');
/*!40000 ALTER TABLE `tbl_campaign_info` ENABLE KEYS */;
UNLOCK TABLES;

--
-- Table structure for table `tbl_category_challenge`
--

DROP TABLE IF EXISTS `tbl_category_challenge`;
/*!40101 SET @saved_cs_client     = @@character_set_client */;
/*!40101 SET character_set_client = utf8 */;
CREATE TABLE `tbl_category_challenge` (
  `id` int(11) NOT NULL AUTO_INCREMENT,
  `category_description` varchar(100) NOT NULL,
  `created_at` timestamp NOT NULL DEFAULT CURRENT_TIMESTAMP,
  PRIMARY KEY (`id`)
) ENGINE=InnoDB AUTO_INCREMENT=7 DEFAULT CHARSET=utf8;
/*!40101 SET character_set_client = @saved_cs_client */;

--
-- Dumping data for table `tbl_category_challenge`
--

LOCK TABLES `tbl_category_challenge` WRITE;
/*!40000 ALTER TABLE `tbl_category_challenge` DISABLE KEYS */;
INSERT INTO `tbl_category_challenge` VALUES (1,'Televisión','2015-04-21 07:00:00'),(2,'Lavadora','2015-04-21 07:00:00'),(3,'Refrigeración','2015-04-21 07:00:00'),(4,'PC','2015-04-21 07:00:00'),(5,'Mobile','2015-04-21 07:00:00'),(6,'Audio','2015-04-21 07:00:00');
/*!40000 ALTER TABLE `tbl_category_challenge` ENABLE KEYS */;
UNLOCK TABLES;

--
-- Table structure for table `tbl_challenge`
--

DROP TABLE IF EXISTS `tbl_challenge`;
/*!40101 SET @saved_cs_client     = @@character_set_client */;
/*!40101 SET character_set_client = utf8 */;
CREATE TABLE `tbl_challenge` (
  `id` int(11) NOT NULL AUTO_INCREMENT,
  `fk_category_challenge_id` int(11) NOT NULL,
  `fk_prize_id` int(11) NOT NULL,
  `challenge_description` text NOT NULL,
  `created_at` timestamp NOT NULL DEFAULT CURRENT_TIMESTAMP,
  PRIMARY KEY (`id`),
  KEY `fk_tbl_challenge_tbl_category_challenge1_idx` (`fk_category_challenge_id`),
  KEY `fk_tbl_challenge_tbl_prize1_idx` (`fk_prize_id`),
  CONSTRAINT `fk_tbl_challenge_tbl_category_challenge1` FOREIGN KEY (`fk_category_challenge_id`) REFERENCES `tbl_category_challenge` (`id`) ON DELETE CASCADE ON UPDATE CASCADE,
  CONSTRAINT `fk_tbl_challenge_tbl_prize1` FOREIGN KEY (`fk_prize_id`) REFERENCES `tbl_prize` (`id`) ON DELETE CASCADE ON UPDATE CASCADE
) ENGINE=InnoDB AUTO_INCREMENT=31 DEFAULT CHARSET=utf8;
/*!40101 SET character_set_client = @saved_cs_client */;

--
-- Dumping data for table `tbl_challenge`
--

LOCK TABLES `tbl_challenge` WRITE;
/*!40000 ALTER TABLE `tbl_challenge` DISABLE KEYS */;
INSERT INTO `tbl_challenge` VALUES (1,1,1,'Haz crispetas y mira una película romántica con tu mamá (la que ella elija).','2015-04-21 07:00:00'),(2,1,1,'Si a tu mamá le gustan las novelas, a ti también. Para este reto debes ver una novela junto a mamá.','2015-04-21 07:00:00'),(3,1,1,'Para este reto deberás demostrar tus habilidades culinarias, sintoniza un programa de recetas cocina y prepara un rico plato para toda la familia junto a ella.','2015-04-21 07:00:00'),(4,1,1,'¿Listo para ejercitarte? Busca un video de ejercicios y junto al televisor, haz ejercicios con tu mamá.','2015-04-22 20:56:15'),(5,1,1,'Sintoniza un programa de manualidades y haz manualidades con tu mamá.','2015-04-22 20:56:16'),(6,2,2,'Ella lo hizo muchas veces por ti, en este reto tienes que lavarle la ropa a tu mamá.','2015-04-22 20:59:51'),(7,2,2,'Para este reto tienes que despercudir todas las medias blancas de tu mamá.','2015-04-22 20:59:51'),(8,2,2,'Aunque no salga el sol, la brisa también seca la ropa, para este reto debes tender la ropa recién lavada de tu mamá.','2015-04-22 20:59:51'),(9,2,2,'Para este reto debes ponerte un vestido de mamá y salir a la calle.','2015-04-22 20:59:52'),(10,2,2,'Un buen hijo siempre está pendiente de la limpieza de su hogar, para este reto debes lavar todas las sábanas de tu casa.','2015-04-22 20:59:52'),(11,3,3,'¿Listo para tener una noche especial con mamá? Prepara una cena completa para tu mamá.','2015-04-22 21:01:40'),(12,3,3,'Para este reto debes ir al mercado y comprar lo que más le gusta comer a tu mamá.','2015-04-22 21:01:40'),(13,3,3,'Busca esas fotos que tu mamá te tomó cuando eras bebé y pégalas con un imán en la puerta de la nevera.','2015-04-22 21:01:41'),(14,3,3,'Prepara tu lado ácido, para este reto debes comerte un limón con cáscara con tu mamá.','2015-04-22 21:01:41'),(15,3,3,'Este reto necesita resistencia, debes hacer una cama de sal en tu mano y poner un hielo encima, aprieta duro y aguanta el mayor tiempo que puedas.','2015-04-22 21:01:42'),(16,4,4,'Para este reto necesitarás paciencia, debes digitalizar las fotos familiares y crear una carpeta en el computador de mamá que se titule “Fotos Familiares”.','2015-04-22 21:03:23'),(17,4,4,'Es hora de actualizar el salvapantallas de mamá, para este reto debes crear un salvapantallas para mamá con todas sus fotos juntos.','2015-04-22 21:03:23'),(18,4,4,'Sabemos que seguramente tu tienes más talento escribiendo correos a alta velocidad, por eso, para este reto serás el redactor oficial de correos de mamá.','2015-04-22 21:03:24'),(19,4,4,'Sabemos que siempre extrañas a mamá, para este reto, debes tener una conversación por Skype con tu mamá desde tu oficina o universidad.','2015-04-22 21:03:24'),(20,4,4,'A mamá le gusta escuchar buena música cuando está en su computador, para este reto debes crearle un playlist musical a mamá.','2015-04-22 21:03:25'),(21,5,5,'Para este reto debes crear un grupo familiar con todas tus tías en whatsapp, no olvides que tu también debes ser parte del grupo.','2015-04-22 21:07:40'),(22,5,5,'A mamá no le gusta la misma música que tu, así que para este reto debes llenar su celular con toda la música que tanto le gusta.','2015-04-22 21:07:40'),(23,5,5,'Dentro de los tantos talentos que tiene tu mamá uno es cortar el pelo, por eso, para este reto debes dejarte cortar el pelo por ella y compartir la foto en tus redes sociales.','2015-04-22 21:07:41'),(24,5,5,'Para este reto debes crearle una cuenta de twitter a tu mamá y su primer Tweet debe ser “Quiero mucho a mi bebé”, te debe mencionar y tu debes retwitearlo.','2015-04-22 21:07:42'),(25,5,5,'No hay nada más bonito que el cariño que le puedes demostrar a tu mamá, para este reto debes subir 5 fotos con ella en tu cuenta de Instagram.','2015-04-22 21:07:42'),(26,6,6,'A mamá también le gusta las fiestas, para este reto debes organizar una reunión con tu familia en la que tu serás el DJ.','2015-04-22 21:07:42'),(27,6,6,'La música nos libera y nos hace momentos aburridos más llevaderos, para este reto debes planchar la ropa con el mejor álbum de “Música para planchar”','2015-04-22 21:07:43'),(28,6,6,'Todos cantamos, así sea en la ducha. Para este reto debes cantar un dueto de karaoke con tu mamá.','2015-04-22 21:07:44'),(29,6,6,'A mamá le gustan las serenatas, así que para este reto debes cantarle una serenata a mamá','2015-04-22 21:07:44'),(30,6,6,'Para este reto serás equipo con tu mamá y debes hacer una coreografía con ella de la canción que quieran.','2015-04-22 21:07:44');
/*!40000 ALTER TABLE `tbl_challenge` ENABLE KEYS */;
UNLOCK TABLES;

--
-- Table structure for table `tbl_engagemet_challenge`
--

DROP TABLE IF EXISTS `tbl_engagemet_challenge`;
/*!40101 SET @saved_cs_client     = @@character_set_client */;
/*!40101 SET character_set_client = utf8 */;
CREATE TABLE `tbl_engagemet_challenge` (
  `id` int(11) NOT NULL AUTO_INCREMENT,
  `description_engage_challenge` varchar(255) NOT NULL,
  `start_date` datetime NOT NULL,
  `end_date` datetime NOT NULL,
  `created_at` datetime NOT NULL,
  PRIMARY KEY (`id`)
) ENGINE=InnoDB AUTO_INCREMENT=34 DEFAULT CHARSET=utf8;
/*!40101 SET character_set_client = @saved_cs_client */;

--
-- Dumping data for table `tbl_engagemet_challenge`
--

LOCK TABLES `tbl_engagemet_challenge` WRITE;
/*!40000 ALTER TABLE `tbl_engagemet_challenge` DISABLE KEYS */;
INSERT INTO `tbl_engagemet_challenge` VALUES (1,'Hazle Share a la foto de Portada de LG Colombia','2015-05-06 07:00:00','2015-05-07 06:59:00','2015-04-23 00:00:00'),(2,'Dale Like a la foto de Portada de LG Colombia ','2015-05-07 07:00:00','2015-05-08 06:59:00','2015-04-23 00:00:00'),(3,'Hazle Like a la foto de perfil de LG Colombia','2015-05-08 07:00:00','2015-05-09 06:59:00','2015-04-25 06:59:00'),(4,'Hazle Share al último post que encuentres de está actividad en el fan page de LG Colombia. ','2015-05-09 07:00:00','2015-05-10 06:59:00','2015-04-24 16:36:00'),(5,'Taggea a 3 amigos en el último post acerca de Televisores en el fan page de LG Colombia ','2015-05-10 07:00:00','2015-05-11 06:59:00','2015-04-24 16:36:00'),(6,'Taggea a 3 amigos en el último post acerca de Mobile en el fan page de LG Colombia','2015-05-11 07:00:00','2015-05-12 06:59:00','2015-04-24 16:36:00'),(7,'Taggea a 3 amigos en el último post acerca de Music Flow en el fan page de LG Colombia ','2015-05-12 07:00:00','2015-05-13 06:59:00','2015-04-24 16:36:00'),(8,'Taggea a tu mamá en el último post de lavadoras en el fan page de LG Colombia ','2015-05-13 07:00:00','2015-05-14 06:59:00','2015-04-24 16:36:00'),(9,'Taggea a tu mamá en el último post de Neveras en el fan page de LG Colombia ','2015-05-14 07:00:00','2015-05-15 06:59:00','2015-04-24 16:36:00'),(10,'Comparte el último post que publicó LG Colombia acerca de PCs ','2015-05-15 07:00:00','2015-05-16 06:59:00','2015-04-24 16:36:00'),(11,'Comparte el último post que publicó LG Colombia en su fan page, acerca de productos de Audio ','2015-05-16 07:00:00','2015-05-17 06:59:00','2015-04-24 16:36:00'),(12,'Comparte en tu muro el último post de esta actividad.','2015-05-17 07:00:00','2015-05-18 06:59:00','2015-04-24 16:36:00'),(13,'Comparte el último post que publicó LG Colombia acerca de Neveras. ','2015-05-18 07:00:00','2015-05-19 06:59:00','2015-04-24 16:36:00'),(14,'Taggea a 3 amigos en el último post que publicó LG Colombia en su fan page','2015-05-19 07:00:00','2015-05-20 06:59:00','2015-04-24 16:36:00'),(15,'Comparte este aplicativo en tu muro de Facebook. ','2015-05-20 07:00:00','2015-05-21 06:59:00','2015-04-24 16:36:00'),(16,'Dale Like al último post acerca de Music Flow en el fan page de LG Colombia. ','2015-05-21 07:00:00','2015-05-22 06:59:00','2015-04-24 16:36:00'),(17,'Haz que tu mamá se vuelva Fan de LG Colombia en Facebook. ','2015-05-22 07:00:00','2015-05-23 06:59:00','2015-04-24 16:36:00'),(18,'Comparte a la foto de Portada de LG Mobile Colombia. ','2015-05-23 07:00:00','2015-05-24 06:59:00','2015-04-24 16:36:00'),(19,'Hazle Like a la foto de Portada de LG Mobile Colombia. ','2015-05-24 07:00:00','2015-05-25 06:59:00','2015-04-24 16:36:00'),(20,'Comparte la foto de Perfil de LG Mobile Colombia','2015-05-25 07:00:00','2015-05-26 06:59:00','2015-04-24 16:36:00'),(21,'Hazle Like a la foto de Perfil de LG Mobile Colombia.','2015-05-26 07:00:00','2015-05-27 06:59:00','2015-04-24 16:36:00'),(22,'Cuéntanos cuál es el regalo que más te gustaría darle a tu mamá usando el  HT #equipaamamaconLG en tu Wall. ','2015-05-27 07:00:00','2015-05-28 06:59:00','2015-04-24 16:36:00'),(23,'Invita a un amigo a participar en la actividad compartiendo en su Wall la actividad.','2015-05-28 07:00:00','2015-05-29 06:59:00','2015-04-24 16:36:00'),(24,'Cuéntanos qué es lo que más te gusta de LG comentado la foto de Portada de LG Colombia. ','2015-05-29 07:00:00','2015-05-30 06:59:00','2015-04-24 16:36:00'),(25,'Cuéntanos qué es lo que más te gusta del LG G3 comentando la foto de Perfil de LG Mobile Colombia. ','2015-05-30 07:00:00','2015-05-31 06:59:00','2015-04-24 16:36:00'),(26,'Comenta el último post que se pubicóen el fan page de LG Colombia y menciona a 3 amigos.','2015-05-31 07:00:00','2015-06-01 06:59:00','2015-04-24 16:36:00'),(27,'Comparte la aplicación mencionando a 5 amigos.','2015-06-01 07:00:00','2015-06-02 06:59:00','2015-04-24 16:36:00'),(28,'Cuéntanos mencionando a LG Colombia y usando el #equipaamamaconlg cual es el programa favorito de mamá.  ','2015-06-02 07:00:00','2015-06-03 06:59:00','2015-04-24 16:36:00'),(29,'Cuéntanos ¿cuál es la receta favorita de mamá? Escribiendo en tu muro usando el HT #equipaamamaconLG','2015-06-03 07:00:00','2015-06-04 06:59:00','2015-04-24 16:36:00'),(30,'Cuéntanos ¿cuál es la prenda que tu mamá lava en su lavadora LG sin temor a que se dañe? Escribiendo en tu muro usando el HT #equipaamamaconLG','2015-06-04 07:00:00','2015-06-05 06:59:00','2015-04-24 16:36:00'),(31,'Cuéntanos ¿cuál es la canción que tu mamá más canta el fin de semana? Escribiendo en tu muro usando el HT #equipaamamaconLG','2015-06-05 07:00:00','2015-06-06 06:59:00','2015-04-24 16:36:00'),(32,'Cuéntanos ¿cuál es la función del horno microondas que tu mamá más usa?  Escribiendo en tu muro usando el HT #equipaamamaconLG','2015-06-06 07:00:00','2015-06-07 06:59:00','2015-04-24 16:36:00'),(33,'¿Qué película le gustaría ver a tu mamá con un proyector LG? Escribiendo en tu muro usando el HT #equipaamamaconLG.','2015-06-07 07:00:00','2015-06-08 06:59:00','2015-04-24 16:36:00');
/*!40000 ALTER TABLE `tbl_engagemet_challenge` ENABLE KEYS */;
UNLOCK TABLES;

--
-- Table structure for table `tbl_prize`
--

DROP TABLE IF EXISTS `tbl_prize`;
/*!40101 SET @saved_cs_client     = @@character_set_client */;
/*!40101 SET character_set_client = utf8 */;
CREATE TABLE `tbl_prize` (
  `id` int(11) NOT NULL AUTO_INCREMENT,
  `title_prize` varchar(255) NOT NULL,
  `ref` varchar(45) NOT NULL,
  `description_prize` text NOT NULL,
  `img_prize` text NOT NULL,
  PRIMARY KEY (`id`)
) ENGINE=InnoDB AUTO_INCREMENT=7 DEFAULT CHARSET=utf8;
/*!40101 SET character_set_client = @saved_cs_client */;

--
-- Dumping data for table `tbl_prize`
--

LOCK TABLES `tbl_prize` WRITE;
/*!40000 ALTER TABLE `tbl_prize` DISABLE KEYS */;
INSERT INTO `tbl_prize` VALUES (1,'LG Smart TV CINEMA 3D','55LB650T','MAKE TV SIMPLE AGAIN CINEMA 3D SMART TV CON WEBOS','sliderIntPrizes-televisor.png'),(2,'LG LAVADORA','WFS1439EPD','6 MOTION DD, CARGA SUPERIOR, 31LBS/14KG, CALENTADOR DE AGUA / VAPOR','sliderIntPrizes-lavadora.png'),(3,'Nevera LG','GT46SGP 457LTS','SMART INVERTER COMPRESSOR, HYGIENE FRESH+, ICEDOOR. ELIMINA BACTERIAS HASTA UN 99,999%','sliderIntPrizes-neveras.png'),(4,'PC LG Tab book','11T540','WINDOWS 8.1,TAB-BOOK 2, FULL HD, MULTI TOUCH, ULTRA LIVIANO, PANTALLA IPS FULL HD','sliderIntPrizes-pc.png'),(5,'Smartphone LG','G3','Quad-core, Pantalla IP, 4G','sliderIntPrizes-celular.png'),(6,'Barra de sonido LG','HS7 LG','MUSICFLOW SMART HI-FI AUDIO MULTI-ROOM INALÁMBRICO. TRANSMISION DE AUDIO SOBRE RED WI-FI','sliderIntPrizes-barradesonido.png');
/*!40000 ALTER TABLE `tbl_prize` ENABLE KEYS */;
UNLOCK TABLES;

--
-- Table structure for table `tbl_sale_points`
--

DROP TABLE IF EXISTS `tbl_sale_points`;
/*!40101 SET @saved_cs_client     = @@character_set_client */;
/*!40101 SET character_set_client = utf8 */;
CREATE TABLE `tbl_sale_points` (
  `id` int(11) NOT NULL AUTO_INCREMENT,
  `fk_prize_id` int(11) NOT NULL,
  `description_sale_point` varchar(45) NOT NULL,
  `url_sale_point` text NOT NULL,
  `img_sale_point` text NOT NULL,
  PRIMARY KEY (`id`),
  KEY `fk_tbl_sale_points_tbl_prize1_idx` (`fk_prize_id`),
  CONSTRAINT `fk_tbl_sale_points_tbl_prize1` FOREIGN KEY (`fk_prize_id`) REFERENCES `tbl_prize` (`id`) ON DELETE CASCADE ON UPDATE CASCADE
) ENGINE=InnoDB AUTO_INCREMENT=34 DEFAULT CHARSET=utf8;
/*!40101 SET character_set_client = @saved_cs_client */;

--
-- Dumping data for table `tbl_sale_points`
--

LOCK TABLES `tbl_sale_points` WRITE;
/*!40000 ALTER TABLE `tbl_sale_points` DISABLE KEYS */;
INSERT INTO `tbl_sale_points` VALUES (1,1,'Alkosto','http://www.alkosto.com/tv-55-140cm-led-lg-55lb650-fhd-3d-internet','iconsRetailsLG-alkosto.png'),(2,1,'Ktronix','http://www.ktronix.com/tv-55-140cm-led-lg-55lb650-fhd-3d-internet','iconsRetailsLG-ktronix.png'),(3,1,'Rayco','https://www.almacenesrayco.com/producto.php?mat=813289','iconsRetailsLG-rayco.png'),(22,2,'Alkosto','http://www.alkosto.com/lavadora-lg-14kg-wfs1439epd','iconsRetailsLG-alkosto.png'),(23,2,'Exito','http://www.exito.com/products/0001745932393530/Lavadora+14kg+31+Lb+Vcm+Gris?nocity=','iconsRetailsLG-exito.png'),(24,2,'Falabella','http://www.falabella.com.co/falabella-co/product/2136827/Lavadora-Carga-Superior-14-kg--Sapience-WFS1439EPD-','iconsRetailsLG-falabella.jpg'),(25,3,'Alkosto','http://www.alkosto.com/nevera-lg-457lts-gt46sgp-gris','iconsRetailsLG-alkosto.png'),(26,3,'Ktronix','http://www.ktronix.com/nevera-lg-457lts-gt46sgp-gris','iconsRetailsLG-ktronix.png'),(27,3,'Rayco','https://www.almacenesrayco.com/producto.php?mat=813447','iconsRetailsLG-rayco.png'),(28,4,'Alkosto','http://www.alkosto.com/convertible-2-en-1-lg-11t540-touch','iconsRetailsLG-alkosto.png'),(29,4,'Ktronix','http://www.ktronix.com/convertible-2-en-1-lg-11t540-touch','iconsRetailsLG-ktronix.png'),(30,5,'Tigo','https://compras.tigo.com.co/telefonos/lg-g3.html','iconsRetailsLG-tigo.png'),(31,5,'Movistar','http://www.movistar.co/tienda/Open-Catalog/Equipos/Celulares/Smartphone/LG-G3-Negro/p/LG_1430?type=0','iconsRetailsLG-movistar.png'),(32,5,'Claro','http://catalogo.claro.com.co/home/EquipoDetalle/LG-G3','iconsRetailsLG-claro.png'),(33,6,'Exito','http://www.exito.com/products/0001999407505566/Barra+De+Sonido+Sound+Bar?nocity=','iconsRetailsLG-exito.png');
/*!40000 ALTER TABLE `tbl_sale_points` ENABLE KEYS */;
UNLOCK TABLES;

--
-- Table structure for table `tbl_user`
--

DROP TABLE IF EXISTS `tbl_user`;
/*!40101 SET @saved_cs_client     = @@character_set_client */;
/*!40101 SET character_set_client = utf8 */;
CREATE TABLE `tbl_user` (
  `id` int(11) NOT NULL AUTO_INCREMENT,
  `facebook_id` varchar(255) NOT NULL,
  `picture` text NOT NULL,
  `document` varchar(30) NOT NULL,
  `first_name` varchar(255) NOT NULL,
  `last_name` varchar(255) NOT NULL,
  `birth_date` date NOT NULL,
  `email` varchar(255) NOT NULL,
  `phone` int(11) NOT NULL,
  `address` varchar(255) NOT NULL,
  `city` varchar(50) NOT NULL,
  `cellphone` int(11) NOT NULL,
  `is_winner` enum('no','yes') DEFAULT 'no',
  `suscribe` tinyint(1) DEFAULT '0',
  `created_at` datetime NOT NULL,
  PRIMARY KEY (`id`)
) ENGINE=InnoDB AUTO_INCREMENT=244 DEFAULT CHARSET=utf8;
/*!40101 SET character_set_client = @saved_cs_client */;

--
-- Dumping data for table `tbl_user`
--

LOCK TABLES `tbl_user` WRITE;
/*!40000 ALTER TABLE `tbl_user` DISABLE KEYS */;
INSERT INTO `tbl_user` VALUES (39,'476710979148436','','1022359414','Yonny Heriberto','Reyes Urrego','1989-10-27','yonny2708@gmail.com',0,'Carrera 23B No 58 B 06 sur','Bogotá DC',2147483647,'no',1,'2015-05-06 20:02:47'),(40,'10153274598122486','','1110455182','Gio','Kpg','1987-01-18','giovany975@hotmail.com',0,'carrera 1sur #13-02','ibague',2147483647,'no',1,'2015-05-06 20:05:32'),(41,'10203700473784829','','1144041982','Diana lorena','Lombana rocha','1990-07-21','lombalorena21@hotmail.com',0,'kra 39B#41-79','cali',2147483647,'no',0,'2015-05-06 20:05:40'),(42,'10204845940162952','','22733505','kelly','Mejia','1982-04-24','kellymejia192@hotmail.com',0,'cra 17 A # 26 A 100','Barranquilla',2147483647,'no',1,'2015-05-06 20:07:36'),(43,'10206869674560852','','1022421052','David','Lozano','1996-11-08','davis_lozano86@hotmail.com',0,'calle40sur#51g34','bogota',2147483647,'no',1,'2015-05-06 20:08:58'),(44,'10206470378099453','','3860035','Cecilia','Sanchez','1982-03-14','cecicali30@hotmail.com',0,'cra 22 10_37','cali',2147483647,'no',0,'2015-05-06 20:17:34'),(45,'10153294989004228','','1019017063','Daniel','Velasquez','1987-07-25','strong2587@hotmail.com',0,'calle 167 # 73 - 45 apt 301 bloque 7','Bogota',2147483647,'no',1,'2015-05-06 20:20:36'),(46,'839609019453582','','44003893','Kelly','Ortiz','1985-04-04','kellyma15@hotmail.com',0,'calle 45e 82-28','medellin',2147483647,'no',1,'2015-05-06 20:21:10'),(47,'10153205230458548','','1020740430','Lady Carolina','Velez','1989-03-31','carito2431@hotmail.com',0,'Calle 56 b # 71 f 52','Bogota',2147483647,'no',1,'2015-05-06 20:23:52'),(48,'10153867703219115','','22492793','Cristina','Garrido Velez','1979-06-25','cristinagv79@hotmail.com',0,'Calle 146A #58B 22 Apto 609','Bogotá',2147483647,'no',1,'2015-05-06 20:24:24'),(49,'878250122232105','','1102839928','Saida','Feria','1990-03-28','onyza_91@hotmail.com',0,'calee105B46 lapollita','sincelejo',2147483647,'no',1,'2015-05-06 20:24:33'),(50,'380511248812138','','40437318','Milena','Garcia','1973-12-20','milenagb2012@hotmail.com',0,'cra 44 no 29-160 mza j casa 13 conj montecarlo residencial','villavicencio',2147483647,'no',1,'2015-05-06 20:25:42'),(51,'10152679417821582','','80799289','David','Lagos','1984-04-30','davidmlr@hotmail.com',0,'Cl 127b bis 53 68 apt 512 int 5','Bogota',2147483647,'no',1,'2015-05-06 20:26:17'),(52,'10206883535506687','','98663373','Wilson Arley','Ocampo','1977-09-07','wilsonsep@hotmail.com',0,'Carrera 29 D # 41 Sur 09 Barrio San Rafael','Envigado',2147483647,'no',1,'2015-05-06 20:26:39'),(53,'10206819017383998','','1022407413','Leydii','Dayanna','1995-09-08','leidi-linda@hotmail.com',0,'cra 98 b n 65-48 sur kasay2 int','bogota',2147483647,'no',1,'2015-05-06 20:32:07'),(54,'1705125059714764','','1098681004','july Stefanny','Garcia perez','1989-11-18','july1118@outlook.com',0,'calle 50a n° 15 -57 san miguel','Bucaramanga',2147483647,'no',1,'2015-05-06 20:37:53'),(55,'857743130971974','','98062860235','Heidysofia','Piraneque','1998-06-28','heidysofia98@yahoo.es',0,'mz4 cs 22 sierra dentro','santa marta',2147483647,'no',0,'2015-05-06 20:39:27'),(56,'10153241556210575','','1094901092','ana magdaly','lopez franco','1988-10-08','johis0228@hotmail.com',0,'carrera 23 # 7-20 barrio: granada','armenia, quindio',2147483647,'no',1,'2015-05-06 20:39:40'),(57,'848431618544396','','1065879658','Karine','Segura','1987-03-07','princesakari198@live.com',0,'transversal 4 bis # 3-75 quintas de la laguna Zapan 4 casa 5','soacha Cundinamarca',2147483647,'no',1,'2015-05-06 20:43:36'),(58,'10206958767353594','','63516096','Mery','Torres','1976-10-12','merilin_108@hotmail.com',0,'cra 55 n° 144-75','floridablanca-s/der',2147483647,'no',1,'2015-05-06 20:49:18'),(59,'960953110621651','','68295884','Olga','Garcia Unda','1980-04-25','yiga1909@hotmail.com',0,'carrera 11 # 15-45','arauca',2147483647,'no',1,'2015-05-06 20:49:47'),(60,'1444384472539533','','42800230','Karen','Arredondo','1984-08-11','karenka0819@hotmail.com',0,'calle 77 # 30 bis coodelmar 2 casa13','pereira',2147483647,'no',1,'2015-05-06 20:56:39'),(61,'10206782250180057','','1031120766','Julieth','Tellez Estepa','1986-03-10','imiey56@hotmail.com',0,'calle 48 q bis b sur #5-54','bogota',2147483647,'no',1,'2015-05-06 20:59:29'),(62,'10152828785972286','','1102838765','Geraldin','Torres','1991-03-30','crisza_13@hotmail.com',0,'Carrera 9D Número 27C-04 Pioneros','Sincelejo - Sucre',2147483647,'no',1,'2015-05-06 20:59:33'),(63,'896333793746295','','29118782','Maria jose','Torres Lopez','1989-05-14','mariajo140503@hotmail.com',0,'calle 2a#17-46','cali',2147483647,'no',1,'2015-05-06 21:02:33'),(64,'10203948167253794','','13072995','Jairo','Botina','1981-07-06','jabe_8@hotmail.com',0,'manzana f casa 4','pasto',2147483647,'no',1,'2015-05-06 21:08:34'),(65,'10154032687108849','','1098667392','Monica Maria','Niño Sanabria','1989-02-10','monikmariaftp10@hotmail.com',0,'Cll 56#15-27 Barrio Gomez Niño','Bucaramanga',2147483647,'no',0,'2015-05-06 21:14:09'),(66,'740509779399152','','40393754','Marthica R','Martinez','1971-07-27','marcajuan123@hotmail.com',0,'cra.44 No.29-160 Sur Mz.J C.15','villavicencio',2147483647,'no',1,'2015-05-06 21:16:21'),(67,'10204102334867264','','1053836949','Janisley','Suarez M','1994-09-03','jannis-s1994@hotmail.com',0,'carrera 22A # 70B-20','Manizales',2147483647,'no',1,'2015-05-06 21:26:53'),(68,'477208119093639','','1045696715','Sergio','Osorio Montejo','1991-04-12','sergio.osoriomontejo@gmail.com',0,'calle 32 a # 34 -144','sincelejo',2147483647,'no',1,'2015-05-06 21:28:18'),(69,'10152884075248589','','53131021','Adriana','Ariza Rodriguez','1985-11-22','angieadri@hotmail.com',0,'kra 4 Bis B # 53B-15 Sur','Bogota',2147483647,'no',1,'2015-05-06 21:29:21'),(70,'10153253265644284','','1032466670','Dania Alexandra','García Acosta','1994-09-20','alexandratres@hotmail.com',0,'Calle 181c Nº 11-29 Torre 5 apto 301','Bogotá',2147483647,'no',0,'2015-05-06 21:32:17'),(71,'1649347571953927','','65729111','Yanira','Pinzon','1965-10-24','mayapin@hotmail.com',0,'Manzana 46 Casa 11 Modelia','Ibague Tolima',2147483647,'no',1,'2015-05-06 21:37:45'),(72,'10153801723049008','','1143334807','Fernanda','Villalba','1989-07-28','vioru@live.com',0,'barrio congolo Cra 49 # 62 b 33 int 201','bello',2147483647,'no',0,'2015-05-06 21:38:39'),(73,'10206377548135215','','1042418323','Stephany','Suarez Vargas','1986-10-12','dayste21@hotmail.com',0,'calle 35A # 26 - 33','soledad',2147483647,'no',1,'2015-05-06 21:47:02'),(74,'1580441798899693','','86059171','Mario','Castellanos','1978-11-25','macaste2010@gmail.com',0,'cr 43 25a 112','medellin',2147483647,'no',1,'2015-05-06 22:06:56'),(75,'824397750970785','','51567899','Gladis Cecilia','Rodriguez Navarrete','1960-11-24','glacerona@hotmail.com',0,'kra 4a Bis B No 54 B 15 sur','bogota',2147483647,'no',1,'2015-05-06 22:07:36'),(76,'1084466418235615','','99051011151','Katherin','Perez Lopez','1999-05-10','Katheperez16@gmail.com',0,'Barrio Obrero Bloque 1 Manzana 133 Casa 2','Apartadò - Antioquia',2147483647,'no',0,'2015-05-06 22:08:05'),(77,'1438172459830990','','40357085','Lida','Gallego','1982-04-10','lidagallego238@gmail.com',0,'vereda camelias','lejanias meta',2147483647,'no',0,'2015-05-06 22:09:58'),(78,'10152927303546523','','74083158','J Andre','Tejedor Botello','1984-02-19','joantebo@hotmail.com',0,'Calle 15 # 24-41 Apto 204','Bucaramanga',2147483647,'no',1,'2015-05-06 22:25:57'),(79,'850518545027779','','1090458980','Milady','Orduz','1993-01-18','nmorduz@hotmail.com',0,'mz 3 lote 23 tercera etapa atalaya','cucuta',2147483647,'no',1,'2015-05-06 22:29:39'),(80,'710318012411062','','43154141','Made','Restrepo','1979-12-15','mercadeo20121@hotmail.com',0,'carrera 50 n 82-73','medellin',2147483647,'no',1,'2015-05-06 22:31:38'),(81,'10152806569123016','','1098620913','Jessica','Calderón Niño','1986-09-06','j.m_calderon@hotmail.com',0,'cALLE 15 # 24-77','Bucaramanga',2147483647,'no',1,'2015-05-06 22:40:33'),(82,'10153263544039235','','1144125429','Dayan Steven','Barrera Meneses','1989-04-23','dayan423@hotmail.com',0,'calle 64 A # 2 d 45','cali',2147483647,'no',1,'2015-05-06 22:50:12'),(83,'10204120032181350','','1110565887','Jose','hernandez alvarez','1995-12-14','gagafan59@gmail.com',0,'manzana 45 casa 6 urbanizacion santa ana','ibague tolima',2147483647,'no',0,'2015-05-06 23:00:39'),(84,'714942201947792','','1095795254','Lehidy Susana','Gonzalez Hernandez','1988-03-18','susanadanielitosteven@hotmail.com',0,'calle 6A- #1-26','páramo',2147483647,'no',1,'2015-05-06 23:09:22'),(85,'890885074303866','','1116274652','Cristian','Azcárate','1997-02-07','cristianfelipeascarate@hotmail.com',0,'calle 26 con # 8-14 barrio Bolívar','Tuluá',2147483647,'no',1,'2015-05-06 23:33:26'),(86,'10204383734380140','','1038813193','Natalia','Ramos Vitar','1993-08-25','nati-love-@hotmail.com',0,'cll85-102 a27','chigorodo',2147483647,'no',1,'2015-05-06 23:39:30'),(87,'10205125644315660','','1004418503','Luisa','Bahamon','1988-08-06','luisagutierrezb@hotmail.com',0,'carrera 103 # 132 D 18','bogota',2147483647,'no',1,'2015-05-06 23:49:01'),(88,'10206201032081371','','86088140','Victor','fajardo','1985-09-23','victorvaf@hotmail.com',0,'calle 43#51-53','Villavicencio',2147483647,'no',1,'2015-05-07 01:33:27'),(89,'1031383636886647','','1024572158','Adriana','Alvarez','1996-05-20','adrimar1996@hotmail.com',0,'calle 62 Sur #75 J 09','Bogotá',2147483647,'no',1,'2015-05-07 01:33:47'),(90,'10153261296870930','','1045674180','Nathalie','Lizcano Moya','1988-10-15','nathalie_10_15@hotmail.com',0,'carrera 30 # 85a - 95','Barranquilla',2147483647,'no',1,'2015-05-07 05:35:27'),(91,'10153273526062010','','1032436315','Ladyy','Gonzalez','1990-04-22','ateneag90@hotmail.com',0,'kra 22#42 44','Bogotá',2147483647,'no',1,'2015-05-07 06:06:38'),(92,'10152983369953318','','1117507995','YI','MO','1989-07-01','yissel101@hotmail.com',0,'calle 20 4-79','florencia',2147483647,'no',1,'2015-05-07 07:10:21'),(93,'10152866807291527','','91540047','Rayniel','Castro','1983-08-29','andrescas29zeta@hotmail.com',0,'Cra 41 A 106-23','Bucaramanga',2147483647,'no',1,'2015-05-07 07:42:37'),(94,'10153312491248979','','1129508973','Zarina','Sampayo','1988-03-07','zarina210@hotmail.com',0,'calle 43B # 46-18','soledad atlantico',2147483647,'no',1,'2015-05-07 08:16:34'),(95,'726649420779728','','1234567234','Luisa Fernanda','Gomez Avilan','1995-03-31','diana.gomeza@gmail.com',0,'Prueba','Prueba',1234567890,'no',1,'2015-05-07 08:27:21'),(96,'802327986502094','','80881667','Julián','Mercado','1985-06-29','julian.mercadoc@gmail.com',0,'cra 19 # 93-89','Bogota',2147483647,'no',1,'2015-05-07 08:56:11'),(97,'439735379529080','','1034776738','Samuel','Cortes','1994-03-02','samuvelasquezc@hotmail.com',0,'carrera73b n 6a-35 apt 304 int 4','bogota',2147483647,'no',1,'2015-05-07 09:28:37'),(98,'10153324941584940','','32811785','Monica','Quintero Arcon','1960-02-12','monicaq601@hotmail.com',0,'cra 26 b no 65 b 13 apto 2 piso 2','barranquilla',2147483647,'no',1,'2015-05-07 09:30:43'),(99,'10153327703016667','','1032358738','Andres Giovanni','Sanchez','1986-03-04','sanchez_alvarado@ingenieros.com',0,'Cr 67 # 62B - 55 sur Int 1 Apto 102','Bogota',2147483647,'no',1,'2015-05-07 10:08:08'),(100,'479671595522128','','101201205','Sebastian','Farfan','1994-09-10','juanchossebastian@hotmail.com',0,'Av calle 90 #95 D 17 int 105','Bogota D.C',2147483647,'no',1,'2015-05-07 10:13:08'),(101,'10206398183011532','','1065618780','Ingryd','Gomez Ortiz','1990-03-17','ingrydgomez@gmail.com',0,'Carrera 12 no. 16A - 54','Valledupar',2147483647,'no',1,'2015-05-07 10:17:20'),(102,'10205978959929047','','1110481112','steffany','ospina cortes','1988-06-20','steffiospinacortes@hotmail.com',0,'crea 4b numero 25-40 hipodromo','ibague',2147483647,'no',1,'2015-05-07 10:24:00'),(103,'859728537425917','','32894900','Cheryl Liseth','Carrasquilla Barrios','1979-08-16','dracherylsita@hotmail.com',0,'urb las cayenas apto 101 bloque 39','barranquilla',2147483647,'no',0,'2015-05-07 10:26:22'),(104,'1072804672733772','','1013613274','Karen','Bocanegra','1990-05-17','karen_abl@hotmail.com',0,'cr 80k 72-63 sur','bogota',2147483647,'no',1,'2015-05-07 10:37:12'),(105,'912919615413587','','1110537499','Andres','Sanchez Sanchez','1993-07-19','andres36910@hotmail.com',0,'cl21-1 este 81','fusagasuga',2147483647,'no',1,'2015-05-07 10:47:01'),(106,'1500251183554849','','43694950','Cristina','Palacio','1978-09-12','crisspaga@gmail.com',0,'vereda san andres','Girardota',2147483647,'no',0,'2015-05-07 10:59:57'),(107,'1397136080612118','','1110657498','Margarita','Cifuentes','1990-12-13','wow_colombia_2013@outlook.com',0,'cra 3 9082','pereira',2147483647,'no',1,'2015-05-07 11:04:51'),(108,'10152742812452553','','80732344','Oskar','Riaño','1982-03-30','foox1982@hotmail.com',0,'Cll 136 85 47','Bogota',2147483647,'no',1,'2015-05-07 11:44:32'),(109,'1586705251612120','','1024523952','Andrea','Gonzalez Iñiguez','1991-11-10','andreagonzaleziniguez@hotmail.com',0,'cra 2 # 38 - 80 casa 23','soach',2147483647,'no',0,'2015-05-07 11:51:57'),(110,'1440972199550629','','1032428744','Andres','Vargas','1989-04-29','sergioandres0102@gmail.com',0,'cra 2 # 38 - 80 casa 23','SOACHA',2147483647,'no',0,'2015-05-07 12:07:15'),(111,'10152917472997983','','1022373175','David Ricardo','Meneses López','1991-12-20','d.meneses1991@gmail.com',0,'cll 24 bbis#69a-55','Bogotá',2147483647,'no',0,'2015-05-07 15:25:51'),(113,'650488741751194','','1193049905','Angelica','Balanta','1993-06-29','angelica.balanta29@gmail.com',0,'Calle 14c # 33 a 32','cali',2147483647,'no',1,'2015-05-07 17:24:57'),(115,'922358097784938','','1036626556','Yenny Yackeline','Velasquez','1989-10-17','yennyyackeline11@hotmail.com',0,'calle12aasur5340','medellin',2147483647,'no',1,'2015-05-07 17:39:15'),(116,'10206008159099101','','53084590','Ivonne','Tochoy Sierra','1986-01-28','mattypt2010@gmail.com',0,'cra 18b  23a 42 apto 302','Bogotá',2147483647,'no',1,'2015-05-07 17:55:00'),(117,'855702924495326','','1006233237','Santiiago','Paz Balanta','1996-07-16','ssaanti@hotmail.com',0,'ssaananti@gmail.com','jamundi',2147483647,'no',0,'2015-05-07 18:22:35'),(118,'10206359982379844','','51956172','Elisa','niño sierra','1970-01-26','eninosierra@yahoo.es',0,'cl 130C No. 121C-10 apto 304','bogota',2147483647,'no',1,'2015-05-07 19:05:37'),(119,'10206277216026753','','29182269','Diana Yaneth','Muñoz Ordoñez','1980-07-23','dymos27@hotmail.com',0,'CRA 42 # 27-32 PISO 1','CALI',2147483647,'no',1,'2015-05-07 19:29:33'),(120,'10206790504666405','','1057578018','Tatiana','Cardenas','1987-09-04','tata_0409@hotmail.com',0,'transversal 6a # 4D- 22','Sogamoso',2147483647,'no',1,'2015-05-07 20:09:12'),(121,'10153245260153058','','1118848636','Elcy','Pérez','1993-10-31','elcy.perez@hotmail.com',0,'carrera 47 # 100_144 apto 402 Torre A','Barranquilla',2147483647,'no',0,'2015-05-07 20:09:18'),(122,'10153290442278764','','1110478145','juan carlos','lopez delgado','1988-11-21','jer565_focus@hotmail.com',0,'cra 7ma # 4-27','ibague',2147483647,'no',1,'2015-05-07 22:20:07'),(123,'10206100792574678','','52766032','Mariluz','Rodriguez','1979-11-29','zuliramzz766@hotmail.com',0,'crr 90 # 54 g 07 s mod 4 apt 402','bogota',2147483647,'no',1,'2015-05-07 22:22:19'),(124,'1617863198471838','','1068974096','Elmer','Lopez','1990-02-21','lopezcamilo274@gmail.com',0,'crack 5 bus este 31 24','bogota',2147483647,'no',1,'2015-05-07 22:25:57'),(125,'10206454317505970','','1110550013','Andreiita','Herrera','1994-08-07','aura_0708@hotmail.com',0,'calle 19 #36Sur-120 multifamiliares el tejar','Ibagué',2147483647,'no',1,'2015-05-07 22:26:55'),(126,'10153258029259663','','1031134778','Lizeth','Katherine perez','1991-10-24','katipefo14@hotmail.com',0,'cra 79  a sur 78-55 torre g apt 302','bogota',2147483647,'no',1,'2015-05-07 22:27:01'),(127,'10206111384239023','','1098725311','johana','acosta','1992-08-14','vaquita.92@hotmail.com',0,'cll69#10c91','bucaramanga',2147483647,'no',0,'2015-05-07 22:41:55'),(128,'1087744144571599','','97063017128','Mateo','Tellez','1997-06-30','mateo-tf@hotmail.com',0,'CLL20 N° 2B - 46','facatativa',2147483647,'no',1,'2015-05-07 22:46:11'),(129,'939950192692098','','1068388571','Andres','Reyes','1994-05-16','andres16_reyes@hotmail.com',0,'carrera 17 #13b bis 46','valledupar',2147483647,'no',1,'2015-05-07 22:47:48'),(130,'10155521560195224','','60445905','Monica','Monsalve Peñaranda','1985-04-10','lok_45@hotmail.com',0,'carrera 105 No 154a-65','bogota',2147483647,'no',1,'2015-05-07 22:57:41'),(131,'10206833936309038','','1090393942','Jaiver','Marin','1988-05-26','jaiver_26@hotmail.com',0,'casa i 12 los mangos','villa del rosario',2147483647,'no',1,'2015-05-07 23:00:16'),(132,'10153263071265480','','1036642397','Sebastián','Quintero GIl','1992-11-09','sqg1992@gmail.com',0,'Calle 35 42 10','Itagui',2147483647,'no',1,'2015-05-07 23:00:51'),(133,'910881622266235','','1102873171','Jonny Andres','Alvarez Villegas','1996-06-11','jonnyelpropio@hotmail.com',0,'calle 36 # 15 A 33 Barrio Las Mercedes','Sincelejo',2147483647,'no',1,'2015-05-07 23:09:27'),(134,'357949227736437','','91541218','Carlos Adrian','Lopez Amezquita','1985-07-18','calalopez27@gmail.com',0,'cra 4 calle 8 manz 6 casa 14 portal de santillana','piedecuesta',2147483647,'no',1,'2015-05-07 23:13:00'),(135,'10206685228628026','','1024461843','Carito','Tarazona Rojas','1986-01-27','carolina0186@gmail.com',0,'barrio estambul','manizales',2147483647,'no',1,'2015-05-07 23:15:45'),(136,'692286414230750','','1046874330','Alfredo','Marquez Angulo','1995-12-07','alfredoangulo_2012@hotmail.com',0,'carrera 22  # 10-37','usiacuri',2147483647,'no',1,'2015-05-07 23:18:03'),(137,'10205917376031890','','1120366429','Gustavo','Cano','1991-10-15','gustavo.roa@correo.uis.edu.co',0,'calle 16 26 28','bucaramanga',2147483647,'no',1,'2015-05-07 23:31:34'),(138,'420402031465032','','32209096','Lis','Restrepo','1981-08-14','alejandra32209096@hotmail.com',0,'calle 3 b #78b 93 belen rincon','medellin',2147483647,'no',1,'2015-05-07 23:57:24'),(139,'10152935972536553','','52833924','Laura','Benitez','1980-11-23','laurabega@gmail.com',0,'crr37b 1h-19','bogotá',2147483647,'no',0,'2015-05-07 23:58:03'),(140,'10153232239604654','','80897391','Isabella','Moreno','1985-10-19','w-moreno1000@hotmail.com',0,'cll 65','Bogota',2147483647,'no',1,'2015-05-08 00:25:06'),(141,'10207049223089892','','98666194','David Alberto','Goez Giraldo','1978-11-05','davidgoezg@hotmail.com',0,'calle 50 # 46A-23','copacabana',2147483647,'no',1,'2015-05-08 02:22:08'),(142,'10204628239769861','','39452669','Claudia','Gonzalez','1981-06-03','claudiayuve@hotmail.com',0,'cra 68 #39b39','Rionegro Antioquia',2147483647,'no',0,'2015-05-08 03:48:00'),(143,'1004849449539082','','1069583488','Jaimito','Garzon Heredia','1990-03-09','nejan09@gmail.com',0,'cra 7#6-16sur','bogota',2147483647,'no',1,'2015-05-08 06:13:05'),(144,'1586028218332922','','42973252','gilma','rendon Gomez','1954-02-10','canomariana12@gmail.com',0,'carrera 89d#31-10','medellin',2147483647,'no',1,'2015-05-08 06:29:16'),(145,'10206495074472690','','1116232111','Yuliana','Escobar','1985-10-13','andrea.escobar2004@gmail.com',0,'carrera 9 # 7a-53','Tulua',2147483647,'no',1,'2015-05-08 07:02:37'),(146,'10206370594533961','','16762460','Ivan Fernando','Maldonado Rojas','1905-01-20','ifmrcali@hotmail.com',0,'calle 26a # 41 b 06','cali',2147483647,'no',1,'2015-05-08 07:26:18'),(147,'10202782929733517','','1022343667','Andrea','Nieto Parra','1988-01-17','afranc1128@hotmail.com',0,'cr80 h 42a31s','bogota',2147483647,'no',1,'2015-05-08 07:45:34'),(148,'10153237859988389','','80053428','Javier','Pakis','1980-11-01','jardyca@hotmail.com',0,'carrera 24 # 32 a - 32','bogota',2147483647,'no',1,'2015-05-08 07:59:38'),(149,'10204882708040732','','1112761696','Diana','Rodas','1987-05-16','dianamrodas@gmail.com',0,'cra 87 5 57','Cali',2147483647,'no',1,'2015-05-08 08:45:32'),(150,'10153268300818571','','22737969','Calla','Monsalve','1983-03-01','calla937@hotmail.com',0,'cra21e 20-74','giron',2147483647,'no',1,'2015-05-08 08:46:04'),(151,'10152737270966394','','1020733759','Margarita','Bain','1988-06-29','margara_bain@hotmail.com',0,'Calle 136 # 59 a 44 Torre 3 Apto 401','Bogota',2147483647,'no',1,'2015-05-08 09:30:16'),(152,'10206763907960585','','1143352029','Estefany','Florez Salas','1990-10-23','fs901023@hotmail.com',0,'urb emmanuel mh lote 22','cartagena',2147483647,'no',1,'2015-05-08 09:33:05'),(153,'760534704065824','','51959877','Lina Margarita','Caballero Villalobos','1969-11-18','linacaballerov@yahoo.es',0,'Calle 10 # 16 -19 Calle Nueva','Honda Tolima',2147483647,'no',1,'2015-05-08 09:35:20'),(154,'10206313813501484','','22732565','Ginna','de Villarreal','1982-04-16','ginnagamarrab@gmail.com',0,'Calle 107 1 sur 50','Barranquilla',2147483647,'no',1,'2015-05-08 09:37:54'),(155,'1581781848777606','','1070610667','Martha carolina','pulido','1993-09-06','caroreina420@gmail.com',0,'manzana 29 casa 7','quintas de Flandes',2147483647,'no',1,'2015-05-08 09:39:50'),(156,'10204971776708789','','1094267187','Tatyana','Rico','1991-08-16','lei_tatis@hotmail.com',0,'calle 1 #3a29','pamplona',2147483647,'no',0,'2015-05-08 09:40:10'),(157,'10152941794789412','','1081403080','Luis Enrique','Bonilla Martinez','1989-05-25','lochobm@gmail.com',0,'cra 20a #37-34 sur','Bogotá, Colombia',2147483647,'no',1,'2015-05-08 09:43:40'),(158,'10204377537340453','','1083004127','Eduardo','Castro','1995-10-05','soylalocastro@gmail.com',0,'Kra 51 # 24 B-38 Los Cardonales','Santa Marta',2147483647,'no',0,'2015-05-08 09:45:53'),(159,'10153360426127754','','1121903539','Lizeth Marcela','Bernate Rincon','1993-09-09','sep0893@hotmail.com',0,'calle 27 N°15-10','villavicencio',2147483647,'no',1,'2015-05-08 09:52:50'),(160,'10153011145377909','','1065871127','Paola','Segura','1986-07-16','jrc.pao@hotmail.com',0,'kra 37 # 11-29','piedecuesta',2147483647,'no',0,'2015-05-08 09:53:55'),(161,'908109522544819','','55169481','Lina Costanza','Gonzalez Hernandez','1974-03-20','linaco1974@hotmail.com',0,'Calle 64A No.3-76','NEIVA',2147483647,'no',1,'2015-05-08 09:55:59'),(162,'10152861566318873','','1014224079','Angelica','Hernández Soler','1991-07-07','andexhz@hotmail.com',0,'Carrera 70 a # 72 a 75','Bogotá',2147483647,'no',1,'2015-05-08 09:57:26'),(163,'10206078071207838','','1082891161','Surelis','Ferrer Sanchez','1988-09-08','surefer88@hotmail.com',0,'calle 33 no. 13 03','santa marta',2147483647,'no',1,'2015-05-08 09:57:53'),(164,'10152898564558100','','52494262','Olga Lucia','Salazar Jaramillo','1978-11-01','olsj01@yahoo.com',0,'Calle 77 A # 70-23','Bogota',2147483647,'no',1,'2015-05-08 09:58:08'),(165,'488246874664022','','40411201','Maria Cristina','Vargas Triana','1978-05-15','maria_vargastriana@hotmail.com',0,'CRA36 N21 24SUR MZ7 CS10 CONDOMINIO RINCON DE LAS MARGARITAS1','VILLAVICENCIO',2147483647,'no',1,'2015-05-08 09:59:31'),(166,'10153233396417278','','1010206820','Cristian camilo','Vargas Mesa','1993-02-13','crisfox1993@hotmail.com',0,'Calle 5c N. 20-48','Bogotà',2147483647,'no',0,'2015-05-08 10:00:15'),(167,'1077830938914711','','31580930','Maria','Fernanda','1980-01-13','maferdana7@hotmail.com',0,'carrera 7c # 84-31 alfonso lopez','cali',2147483647,'no',1,'2015-05-08 10:01:20'),(168,'10152739320456536','','52864083','Mariam','Triviño','1981-10-26','ma_trivi@hotmail.com',0,'Calle 152A No7H-11 ofic 102','Bogota',2147483647,'no',1,'2015-05-08 10:02:42'),(169,'10205234646000554','','1047428465','Natalia','Montemiranda','1990-12-06','montemiranda1206@hotmail.com',0,'escallon villa cra 54 # 30f 05  calle buenos aires','cartagena',2147483647,'no',0,'2015-05-08 10:04:24'),(170,'10206163876473647','','1037645340','Laura','Salomón','1995-10-15','lala1526@hotmail.com',0,'Crr 52 #120-130','Medellín',2147483647,'no',0,'2015-05-08 10:08:06'),(171,'10153302724812720','','79760543','William Javier','Castillo Cuevas','1978-05-06','wjcastillo@gmail.com',0,'Diagonal 50 No. 61C-53 Sur','Bogota',2147483647,'no',1,'2015-05-08 10:08:39'),(172,'804330416328736','','80089527','Vicente','De Arteaga','1956-03-20','vicente.dearteaga@wunderman.com',0,'Calle 87 # 7a -22','Bogotá',2147483647,'no',0,'2015-05-08 10:11:48'),(173,'10153307696401974','','1019054664','Ángela Lucia','González  Molano','1990-12-10','angibao90@hotmail.com',0,'Cra  58 No 128-34 2 Piso','Bogota',2147483647,'no',1,'2015-05-08 10:22:21'),(174,'812098632211811','','1064979191','Jeko','Hogaza','1986-02-02','jeko0286@gmail.com',0,'calle 35 # 10 -18','Monteria',2147483647,'no',1,'2015-05-08 10:26:03'),(175,'862349623836550','','1040372557','Ciindy','Diiaz','1994-12-18','uricordero@hotmail.com',0,'B/milagro cr 57 # 81-64','carepa-antioquia',2147483647,'no',1,'2015-05-08 10:26:18'),(176,'10153299546823482','','43576079','Monica','Ramurez Montoya','1972-12-02','monicaramirezmontoya@hotmail.com',0,'calle 48 #94-44','medellin',2147483647,'no',1,'2015-05-08 10:37:01'),(177,'10204132461613600','','1072960471','Maira','Paez','1987-09-27','ariam2716@gmail.com',0,'calle 81b # 80-43','bogota',2147483647,'no',1,'2015-05-08 10:39:04'),(178,'10153199609707200','','94366816','Jhon','Hoyos','1972-08-01','leojjhs@hotmail.com',0,'calle 22 21 06','tulua',2147483647,'no',1,'2015-05-08 10:40:05'),(179,'1633025990252811','','25171943','Sandra Milena','Gutierrez Buitrago','1977-07-16','samigu1977@hotmail.com',0,'Cra 15 No 841','Santa rosa de cabal',2147483647,'no',1,'2015-05-08 10:40:56'),(180,'10206485024824856','','56087221','Leonor','Figueroa Caballero','1976-04-24','leitofi2007@hotmail.com',0,'Cra 27a# 81-04','bucaramanga',2147483647,'no',1,'2015-05-08 10:41:03'),(181,'885989018124648','','1036646563','Natalia','Jaramillo','1993-01-08','natijaza@hotmail.com',0,'carrera32#38asur52','envigado',2147483647,'no',1,'2015-05-08 10:47:08'),(182,'860440897334769','','1039465697','sarah','sajona mejia','1995-11-10','sarish598@hotmail.com',0,'cra 42 N 60 SUR 60 CASA 161','MEDELLIN',2147483647,'no',1,'2015-05-08 10:50:31'),(183,'797094067053192','','1037630043','Stefanny','Patiño Lindarte','1993-10-22','stely.1022@gmail.com',0,'cll 49 e sur#46-64','envigado',2147483647,'no',1,'2015-05-08 10:54:57'),(184,'10153638575014879','','11233493','Rodrigo','Amórtegui Peña','1982-12-03','rap22_88@hotmail.com',0,'Vereda La Toma Finca La Floresta','La Calera',2147483647,'no',1,'2015-05-08 10:56:41'),(185,'10204853391629234','','1082996202','Sergio','De Leon Cuao','1995-01-24','chechoadc_11@hotmail.com',0,'Calle11D #22-45','Santa Marta',2147483647,'no',0,'2015-05-08 11:02:02'),(186,'10205487921691712','','1018422095','Alex','Perea','1989-01-02','apexmd21@gmail.com',0,'cra 72 A # 11 A 30','Bogotá, Colombia',2147483647,'no',0,'2015-05-08 11:05:47'),(187,'691307054331598','','1010224221','Katherin','Galindo','1995-10-04','katheringalindo@yahoo.com',0,'cra5 b bis n 48 p 79 sur','bogota',2147483647,'no',1,'2015-05-08 11:08:36'),(188,'923481081007188','','80233862','Edgar M','Gomez C','1980-10-21','edgarm21@gmail.com',0,'Kra 57A No 57B - 85','Bogota',2147483647,'no',0,'2015-05-08 11:09:06'),(189,'10152981011018992','','79953192','Giovanni','Duran Cortes','1979-09-20','giovanni_ktronix@hotmail.com',0,'calle 81B # 80-43','Bogota',2147483647,'no',1,'2015-05-08 11:11:36'),(190,'1107378089276075','','52388379','Jazmin','Pereira Barrera','1977-11-11','jazminpeba@hotmail.com',0,'carrera 98A 45-112 Apto 103 Torre1','cali',2147483647,'no',1,'2015-05-08 11:14:47'),(191,'10206960391750531','','1075273452','Wilson','Suarez Lizcano','1993-09-01','bypochito@hotmail.com',0,'Calle 4A # 4-31 E','Hobo',2147483647,'no',0,'2015-05-08 11:17:33'),(192,'1582777612000109','','17281223','Andres Jose','Velasquez Ortiz','1975-07-07','andresjose8823@outlook.com',0,'cra40','narnia',2147483647,'no',1,'2015-05-08 11:21:36'),(193,'768134713305904','','1144165489','Stephania','lopez','1992-12-24','s.phania@hotmail.com',0,'carrera 1a12#76-84','cali',2147483647,'no',1,'2015-05-08 11:23:13'),(194,'10206509763763695','','32830191','Liris Sofia','Boyano Ruiz','1970-08-30','lirissofiabr@hotmail.com',0,'Calle 6 N° 10-145 Campeche','Campeche,Bnoa, Atlco',2147483647,'no',1,'2015-05-08 11:23:54'),(195,'1578079062465055','','52713144','Diana Patricia','Avila Martin','1981-06-01','mafalda44@terra.com',0,'Avenida Caracas N. 53 - 46 Apto 305','Bogota',2147483647,'no',1,'2015-05-08 11:26:35'),(196,'10153240312467207','','1018449763','Judy','Gutierrez Pinzon','1992-01-18','paola4648@yahoo.com',0,'calle 140 # 100A Bis - 41','bogota',2147483647,'no',1,'2015-05-08 11:27:22'),(197,'367314203478900','','22479480','Heidy','Tirado Santos','1988-11-13','tiradoheidy@hotmail.com',0,'calle 51B #1D-81','Barranquilla',2147483647,'no',1,'2015-05-08 11:31:23'),(198,'10205355616717651','','1121330956','Jose','Vega Riveira','1990-09-21','blacker_skate@hotmail.com',0,'Calle 10 Carrera 6 No. 6-53','Villanueva',2147483647,'no',1,'2015-05-08 11:38:54'),(199,'10152838937302997','','1033697911','Lady paola','Quintero','1988-06-25','ladyp2506@hotmail.com',0,'Transversal 13 F Bis  A No 45 F 44 Sur','Bogotá',2147483647,'no',0,'2015-05-08 11:41:01'),(200,'10205855685567650','','63539336','Ruby alexandra','Leon Suarez','1983-05-21','rubyales9@hotmail.com',0,'cra 25 # 55n32 los colorados','bucaramanga',2147483647,'no',1,'2015-05-08 11:41:11'),(201,'10206156793579628','','1118860706','Jhuliana Esther','Perez Menco','1996-05-18','jhula.perez@gmail.com',0,'calle 6 carrera 4-43','Urumita',2147483647,'no',0,'2015-05-08 11:43:24'),(202,'10152890491364716','','60265093','Carol Adriana','Uribe Hernandez','1982-01-31','curibeh@hotmail.com',0,'Calle 10 # 10 E - 45 Apto 201 la riviera','Cucuta',2147483647,'no',1,'2015-05-08 11:45:18'),(203,'969129126484542','','32830191','Liris','Boyano Ruiz','1970-08-30','lirissofiabr@hotmail.com',0,'Cll 6 N° 10-145 Campeche','Campeche,Bnoa, Atlco',2147483647,'no',1,'2015-05-08 11:48:11'),(204,'10200499421124455','','1039469629','Andrea','Sajona Mejia','1997-04-20','a.sajona@hotmail.com',0,'calle 70 sur N° 46-97  apto 502','medellin',2147483647,'no',0,'2015-05-08 11:50:11'),(205,'10153961836533438','','1122129837','Juan','Moreno','1992-01-02','juandavidmorenorodriguez@gmail.com',0,'calle 25 # 23 -27','acacias',2147483647,'no',0,'2015-05-08 11:57:20'),(206,'10155551767685154','','1015415913','Diana','Labrador','1990-01-31','dimalago1@hotmail.com',0,'kra 110A # 132 c 02','Bogota',2147483647,'no',0,'2015-05-08 12:00:18'),(207,'406643632848823','','1152694330','Laura','Carmona Saavedra','1994-03-31','laurac.s.0131@gmail.com',0,'calle 77 # 49-40 bloq 1 apto 404 urbanizacion el carmelo del sur','ITAGUI',2147483647,'no',1,'2015-05-08 12:04:52'),(208,'949947281716216','','31584045','deysy Alejandra buritica rojas','Rojas la Flaca','1980-09-21','alejade2180@gmail.com',0,'k36#49-17','cali',2147483647,'no',1,'2015-05-08 12:10:55'),(209,'826410984103124','','94062030','Augusto','Goicochea Ordoñez','1982-05-12','augoico@hotmail.com',0,'Carrera 66 # 1C 68','Cali',2147483647,'no',1,'2015-05-08 12:20:45'),(210,'10205743425160783','','1073241761','Erika','Lopez','1994-03-26','erikalopez52@hotmail.com',0,'kr12a#15-73','Cundunamarca',2147483647,'no',1,'2015-05-08 12:22:04'),(211,'1080708968613128','','80756966','Juan','Alvarez Rodriguez','1983-05-31','jfrancisco.alvarez@live.com',0,'Cra 98a # 140b-33','bogota',2147483647,'no',1,'2015-05-08 12:31:49'),(212,'10152882371247963','','53002828','Jennifer','Quintero Agudelo','1983-05-07','jeniferdejulio@hotmail.com',0,'cll 12 a # 35 a 09','Cali',2147483647,'no',1,'2015-05-08 12:32:02'),(213,'10206367774010212','','1144193458','Ginet','Alvarez Victoria','1996-03-27','ginet327@hotmail.com',0,'cra4n#40n04','Cali',2147483647,'no',1,'2015-05-08 12:35:13'),(214,'1109948719021902','','45476413','Gladis Esther','Andrade','1977-04-21','glanqui@hotmail.com',0,'Barrio Los calamares, Mz 57,  Lote 13,  Etapa 3','Cartagena - Bolivar',2147483647,'no',1,'2015-05-08 12:42:27'),(215,'1077005725647736','','1032381160','Viviana','Quiñones','1987-01-31','viqui2406@hotmail.com',0,'CALLE 42 BIS A 80F-.93 SUR','BOGOTA',2147483647,'no',1,'2015-05-08 12:45:12'),(216,'1606526342923924','','1140870722','Lau','Cantillo','1994-08-14','laucantillo94@hotmail.com',0,'cra12b N° 69-04','Soledad-atlantico',2147483647,'no',0,'2015-05-08 12:56:43'),(217,'1578977359037958','','1143376835','Katherin','Campo','1994-09-20','mathiaskarenwendi@hotmail.com',0,'calle 3b # 60-12 barrio libertador','cartagena',2147483647,'no',1,'2015-05-08 13:01:31'),(218,'352573671603393','','1088538264','Jefferson','Puerta','1995-02-12','jdp1246@hotmail.com',0,'calle 42  # 24 - 66  jardin colonial 1 casa 41','Dosquebradas RDA',2147483647,'no',1,'2015-05-08 13:04:00'),(219,'966251830073470','','1112767398','Vicky','Bonilla Moreno','1989-04-20','soyunakissme@hotmail.com',0,'cr 10a # 18-24','cartago',2147483647,'no',1,'2015-05-08 13:09:58'),(220,'10153173583571708','','52088301','Rocio','Gomez','1978-09-16','ropibebe@hotmail.com',0,'DG 45 F SUR # 13C-11','BOGOTA',2147483647,'no',1,'2015-05-08 13:13:37'),(221,'10205738081706570','','1033733278','Lizz','Db','1991-04-06','liz-vivi15@hotmail.com',0,'calle 51sur no 89 a 11','bogota',2147483647,'no',1,'2015-05-08 13:14:15'),(222,'1658843924343886','','1002486246','Nicolas','Merchan','2000-09-12','nicomerchann@hotmail.com',0,'carrera 12b  #11-08s','soacha',2147483647,'no',0,'2015-05-08 13:15:31'),(223,'10206581923091837','','1066185673','Linda','Diaz Alvarez','1995-06-12','linda_diaza@hotmail.com',0,'k°7 n° 22-33','chinu cordoba',2147483647,'no',1,'2015-05-08 13:23:07'),(224,'1093638777317513','','22519243','Monica','Figueroa','1979-07-21','monica-patricia-fr@hotmail.com',0,'car5c#33d35','barranquilla',2147483647,'no',1,'2015-05-08 13:42:40'),(225,'10205534862562288','','1122125813','Karen','Arevalo','1990-01-16','kt12@hotmail.es',0,'carrera 15#11-41 La Union','Acacias',2147483647,'no',1,'2015-05-08 13:45:49'),(226,'10152832937121658','','79812944','John','Diaz','1978-06-10','alexanderdiazpardo@hotmail.com',0,'car. 106 # 16-86 apt 204 int 9','Bogota',2147483647,'no',1,'2015-05-08 13:50:25'),(227,'769783393136519','','63486917','Erika','Ramirez Meza','1973-07-05','erikaramirez_2001@hotmail.com',0,'avenida 18 e 0n 50 apto 602c torres de alicante','CUCUTA',2147483647,'no',1,'2015-05-08 13:51:22'),(228,'951810338172474','','1075266036','Jhonny Javier','Rodriguez Bonilla','1992-10-13','juansearies@hotmail.com',0,'Calle 8 N° 27-37','Neiva',2147483647,'no',1,'2015-05-08 14:05:59'),(229,'10203222643601481','','40403376','Yaque','Quintero','1975-01-02','yaquelineq02@gmail.com',0,'Calle 19s 8.63 valles de aragon','Villavicencio',2147483647,'no',1,'2015-05-08 14:12:00'),(230,'10206917644368184','','27892251','Elizabeth','Sanchez Ortiz','1960-03-01','eso6099@hotmail.com',0,'carrera 8 N° 1-51 barrio Bella Vista  Villa del Rosario','Norte de santander',2147483647,'no',1,'2015-05-08 14:36:33'),(231,'10152926729990765','','1030619583','Jhon','Jairo','1993-01-11','jjmorago@gmail.com',0,'call 6d #79a -76','bogota',2147483647,'no',1,'2015-05-08 14:43:49'),(232,'886630974713300','','21591862','Rosa Emilia','Perez Hinestroza','1981-05-29','presiosa-2301@hotmail.es',0,'cll46ab#62-15','itagui (ant)',2147483647,'no',1,'2015-05-08 14:47:06'),(233,'10153280371624605','','1110488584','Camilo','Acosta','1989-08-30','ceekm@hotmail.com',0,'manzana 39 casa 6 jordan 7 etapa','ibague',2147483647,'no',1,'2015-05-08 14:47:15'),(234,'10152954988173871','','53065574','Nathy','Gonzalez','1984-06-23','nathagonz@hotmail.com',0,'cr 14 c # 157-80','bogota',2147483647,'no',0,'2015-05-08 14:59:47'),(235,'707988235997391','','1017240513','Julio Cesar','Zapata zapata','1996-09-26','hikarusd_kun@hotmail.com',0,'Calle 82 #39-52 Int 302','Medellin',1017240513,'no',1,'2015-05-08 15:24:55'),(236,'10206525766212962','','32895586','Sandra Milena','Obregon Rovira','1979-07-30','pajaritos2008@hotmail.com',0,'carrera 6 a sur #48g63','Barranquilla',2147483647,'no',1,'2015-05-08 15:42:25'),(237,'10153290536052090','','37729633','Elisabeth Cristina','Salazar Galvis','1979-09-07','crisaga4@hotmail.com',0,'CARRERA 22 No 32-13 APTO 104B','Bucaramanga',2147483647,'no',0,'2015-05-08 15:45:54'),(238,'485770928267750','','1042443229','Laura','Vanessa','1992-10-27','lauraplesse@hotmail.com',0,'carrera 29 n 29-23','soledad',2147483647,'no',1,'2015-05-08 15:49:53'),(239,'10152963066543251','','22517445','Keitty Criss','Coello Cardona','1980-11-16','monita1616@hotmail.com',0,'Calle 127 C # 3- 81 apto 101 torre 2','Bogota',2147483647,'no',1,'2015-05-08 15:51:20'),(240,'10205738640320674','','1088014288','Daniel','lopez manrique','1993-05-04','danilop04@hotmail.com',0,'panorama 1 manzana 9 casa 27','pereira',2147483647,'no',0,'2015-05-08 15:59:45'),(241,'10152996171244545','','1144188365','Juan Jose','Galvez O','1995-07-20','juanjose.8a@hotmail.com',0,'calle 65 # 5-57 brisas del guabito','Cali',2147483647,'no',1,'2015-05-08 16:09:48'),(242,'885715518133360','','40428399','Patricia','Velasquez','1972-11-08','paty-velasquez1@hotmail.com',0,'Carrera 16 #19B-44 Barrio Alborada','Acacías- Meta',2147483647,'no',1,'2015-05-08 16:20:19'),(243,'806269782754799','','1144135525','Samir','Agudelo Montes','1990-03-10','sanalejo_310@hotmail.com',0,'CALLE 33 B # 24 C -12','CALI',2147483647,'no',0,'2015-05-08 16:27:49');
/*!40000 ALTER TABLE `tbl_user` ENABLE KEYS */;
UNLOCK TABLES;

--
-- Table structure for table `tbl_user_challenge`
--

DROP TABLE IF EXISTS `tbl_user_challenge`;
/*!40101 SET @saved_cs_client     = @@character_set_client */;
/*!40101 SET character_set_client = utf8 */;
CREATE TABLE `tbl_user_challenge` (
  `id` int(11) NOT NULL AUTO_INCREMENT,
  `fk_user_id` int(11) NOT NULL,
  `fk_challenge_id` int(11) NOT NULL,
  `challenge_photo` text NOT NULL,
  `facebook_id` varchar(255) NOT NULL,
  `facebook_post_id` varchar(255) NOT NULL,
  `likes` int(11) NOT NULL,
  `shares` int(11) NOT NULL,
  `is_updated` tinyint(1) NOT NULL DEFAULT '0',
  `created_at` datetime NOT NULL,
  PRIMARY KEY (`id`),
  KEY `fk_tbl_user_challenge_tbl_challenge1_idx` (`fk_challenge_id`),
  KEY `fk_tbl_user_challenge_tbl_user1_idx` (`fk_user_id`),
  CONSTRAINT `fk_tbl_user_challenge_tbl_challenge1` FOREIGN KEY (`fk_challenge_id`) REFERENCES `tbl_challenge` (`id`) ON DELETE CASCADE ON UPDATE CASCADE,
  CONSTRAINT `fk_tbl_user_challenge_tbl_user1` FOREIGN KEY (`fk_user_id`) REFERENCES `tbl_user` (`id`) ON DELETE CASCADE ON UPDATE CASCADE
) ENGINE=InnoDB AUTO_INCREMENT=173 DEFAULT CHARSET=utf8;
/*!40101 SET character_set_client = @saved_cs_client */;

--
-- Dumping data for table `tbl_user_challenge`
--

LOCK TABLES `tbl_user_challenge` WRITE;
/*!40000 ALTER TABLE `tbl_user_challenge` DISABLE KEYS */;
INSERT INTO `tbl_user_challenge` VALUES (59,49,18,'6e3b0cce6c52db33f375de7e248293a3.jpg','878254765564974','878250122232105_878254765564974',0,0,0,'2015-05-06 20:43:20'),(60,62,1,'0c7d5522d48eab21671af74d2a21bd1a.jpg','10152828862037286','10152828785972286_10152828862037286',0,0,0,'2015-05-06 22:09:47'),(61,44,24,'ee749eda1ab7593fbed7c53daf1a2089.jpg','10206470802510063','10206470378099453_10206470802510063',0,0,0,'2015-05-06 22:26:28'),(62,80,13,'e0f1cb0d0d281b19fb46f2e1b6bb0a5f.jpg','710319215744275','710318012411062_710319215744275',0,0,0,'2015-05-06 22:34:17'),(63,78,20,'63ee36ac77b9f51e61b1a0006ca95213.jpg','10152927316161523','10152927303546523_10152927316161523',0,0,0,'2015-05-06 22:37:13'),(64,81,29,'edb9a05d1f4819434564505814c11f8d.jpg','10152806579543016','10152806569123016_10152806579543016',0,0,0,'2015-05-06 22:53:46'),(65,95,17,'c58c1228a563d09386c4c7d847645fc1.jpg','726650787446258','726649420779728_726650787446258',0,0,0,'2015-05-07 08:29:34'),(66,95,30,'3440467914917645fc622f2c865c98b1.jpg','726651097446227','726649420779728_726650787446258',0,0,0,'2015-05-07 08:30:48'),(67,49,21,'ea2b9df7aa788ce1504ef8b1b26e1066.jpg','878443618879422','878250122232105_878254765564974',0,0,0,'2015-05-07 09:34:13'),(68,62,13,'89ea1914ff1dba2f28cdb7f53151fe65.jpg','10152829515937286','10152828785972286_10152828862037286',0,0,0,'2015-05-07 10:46:30'),(69,103,24,'76c61bc6a9ecfb48e92de529f5a7528e.jpg','859739010758203','859728537425917_859739010758203',0,0,0,'2015-05-07 10:57:20'),(70,103,18,'5a6a6cdd298cf7644ff376008d59835c.jpg','859740867424684','859728537425917_859739010758203',0,0,0,'2015-05-07 11:03:10'),(71,107,19,'d302574430565ee3c1f5f501b9e2cbd2.jpeg','1397136583945401','1397136080612118_1397136583945401',0,0,0,'2015-05-07 11:06:25'),(72,107,29,'3d8b6346d1af964c1ce1dcf0850864a3.jpeg','1397137937278599','1397136080612118_1397136583945401',0,0,0,'2015-05-07 11:07:10'),(73,105,26,'25ae3260e3a4c51c4e10039ae0c2ad46.jpg','912932878745594','912919615413587_912932878745594',0,0,0,'2015-05-07 11:26:40'),(74,105,14,'67ef232f2d337201cdcaae1efcc8ada9.jpg','912938818745000','912919615413587_912932878745594',0,0,0,'2015-05-07 11:42:36'),(75,110,15,'11bb36750b486494eb6b3aa01583aa49.jpg','1440974206217095','1440972199550629_1440974206217095',0,0,0,'2015-05-07 12:15:25'),(76,110,24,'9a7b9df1975c528d374a5ef0df58f97c.png','1440975439550305','1440972199550629_1440974206217095',0,0,0,'2015-05-07 12:20:16'),(77,109,9,'0358ac927c3f2ac87f9761f0ab338dfe.jpg','1586719048277407','1586705251612120_1586719048277407',0,0,0,'2015-05-07 12:29:26'),(78,109,21,'74cc4ed76991cf1b71188a3a8d504810.jpg','1586723474943631','1586705251612120_1586719048277407',0,0,0,'2015-05-07 12:40:33'),(79,97,14,'ba7d57432c9910236cf43843f481f4e4.jpg','439781272857824','439735379529080_439781272857824',0,0,0,'2015-05-07 12:52:08'),(80,97,5,'eb5d165fe87789a9815224aee15787f9.jpg','439784139524204','439735379529080_439781272857824',0,0,0,'2015-05-07 13:08:42'),(82,115,29,'8eaa1117f60f254890738152d11d42ff.jpg','922359694451445','922358097784938_922359694451445',0,0,0,'2015-05-07 17:44:50'),(83,115,1,'dbf9e6770623c3d5e89dea13c67feb65.jpg','922360337784714','922358097784938_922359694451445',0,0,0,'2015-05-07 17:47:29'),(84,83,12,'222a27bac11bdadee4a9422c53219cb2.jpg','10204123749394278','10204120032181350_10204123749394278',0,0,0,'2015-05-07 18:02:38'),(85,116,18,'ab6925c1cb31aec9ee7732d7e2748d4b.JPG','10206008344863745','10206008159099101_10206008344863745',0,0,0,'2015-05-07 18:48:22'),(86,117,17,'99df46680bf5c20a5f525051a47b496f.jpg','855711117827840','855702924495326_855711117827840',0,0,0,'2015-05-07 19:01:11'),(87,119,17,'13626c69a0426d63b34e0b08b3c3f806.jpg','10206277241147381','10206277216026753_10206277241147381',0,0,0,'2015-05-07 19:34:32'),(88,119,22,'6e53cddbabd0fbdcf57ef0850bc5aa1e.jpg','10206277251747646','10206277216026753_10206277241147381',0,0,0,'2015-05-07 19:38:07'),(89,80,10,'634d3cfa73a689cec91dd389c0760d4b.JPG','710615385714658','710318012411062_710319215744275',0,0,0,'2015-05-07 20:57:56'),(90,78,8,'0eae2850ff35b7c74027824d69475b0d.jpg','10152928701246523','10152927303546523_10152927316161523',0,0,0,'2015-05-07 21:15:30'),(91,81,6,'d6666d965b2518305007369250047252.jpg','10152808861583016','10152806569123016_10152806579543016',0,0,0,'2015-05-07 22:20:58'),(92,122,5,'b16b70626c56d7d2901f42c956dfb133.jpg','10153290463993764','10153290442278764_10153290463993764',0,0,0,'2015-05-07 22:25:12'),(93,122,8,'a4efa4a57c55a7813824322c979d81c4.jpg','10153290474043764','10153290442278764_10153290463993764',0,0,0,'2015-05-07 22:28:31'),(94,127,13,'8d5858c93cab49697f101fe0dd2c52b5.jpg','10206111450160671','10206111384239023_10206111450160671',0,0,0,'2015-05-07 23:00:58'),(95,129,11,'c805673cb20a244e69757ab5f304c801.jpg','939955056024945','939950192692098_939955056024945',0,0,0,'2015-05-07 23:01:00'),(96,130,24,'c167462ef390d752c2e38ce578cac220.jpg','10155521652870224','10155521560195224_10155521652870224',0,0,0,'2015-05-07 23:46:05'),(97,130,16,'cd01ce7e96b6bbc9a7cdc6fb72f13a4b.jpg','10155521663190224','10155521560195224_10155521652870224',0,0,0,'2015-05-07 23:53:06'),(98,133,2,'48a7608596668293e7c7f493ce185108.jpg','910892038931860','910881622266235_910892038931860',0,0,0,'2015-05-07 23:53:48'),(99,109,13,'3344eca8d1578ed3332d5ff1089d2c68.jpg','1586892561593389','1586705251612120_1586719048277407',0,0,0,'2015-05-08 06:35:23'),(100,110,12,'6b34934abdc41bc60e2b0ebe6afb47b6.jpg','1441233216191194','1440972199550629_1440974206217095',0,0,0,'2015-05-08 06:38:35'),(101,103,29,'e7b663c59b1b9afef83961c0e2bcc01f.jpg','860174177381353','859728537425917_859739010758203',0,0,0,'2015-05-08 08:33:25'),(102,83,6,'615b60ae99733bcdff78129e6960c622.jpg','10204125869767286','10204120032181350_10204123749394278',0,0,0,'2015-05-08 08:36:56'),(103,121,20,'94a94baec28436b8dc272edc8329f44c.jpg','10153246034928058','10153245260153058_10153246034928058',0,0,0,'2015-05-08 08:38:20'),(104,121,24,'04ccbd74dc6a5ce25a8f848ea0d7fcc5.jpg','10153246046418058','10153245260153058_10153246034928058',0,0,0,'2015-05-08 08:48:39'),(105,121,29,'3c3df787e60fea4b85027fc6f95855cc.jpg','10153246049298058','10153245260153058_10153246034928058',0,0,0,'2015-05-08 08:52:08'),(106,117,2,'ae4e936f4b4ffc9bca270251b1660490.jpg','855919051140380','855702924495326_855711117827840',0,0,0,'2015-05-08 09:06:13'),(107,117,16,'b1ee117ad2d198e4a0a1f0893f344206.jpg','855920481140237','855702924495326_855711117827840',0,0,0,'2015-05-08 09:11:40'),(108,153,2,'74bb8a9b8f02b2ccb685800818a8b9de.jpg','760536967398931','760534704065824_760536967398931',0,0,0,'2015-05-08 09:42:32'),(109,153,30,'8ed82c2ac3e96a345738084b6243b78f.jpg','760538630732098','760534704065824_760536967398931',0,0,0,'2015-05-08 09:45:43'),(110,167,16,'dfca552519daad9949ac737cd222dcc6.jpg','1077832728914532','1077830938914711_1077832728914532',0,0,0,'2015-05-08 10:04:16'),(111,153,15,'3f169ed5c65823be7c40ada0ce96dca1.jpg','760544467398181','760534704065824_760536967398931',0,0,0,'2015-05-08 10:07:18'),(112,164,9,'8032225c7ee87a324fb0f20a1ee5e5d4.jpg','10152898579548100','10152898564558100_10152898579548100',0,0,0,'2015-05-08 10:10:52'),(113,167,30,'75c21ef9132cc6df2e1acaf812483090.png','1077835602247578','1077830938914711_1077832728914532',0,0,0,'2015-05-08 10:15:01'),(114,165,21,'f199e75c76356dff6d22f4c2ff3add38.jpg','488259914662718','488246874664022_488259914662718',0,0,0,'2015-05-08 10:18:46'),(115,80,4,'baac9dab30d3367dce73d2bcb990eb39.jpg','710781585698038','710318012411062_710781585698038',0,0,0,'2015-05-08 10:20:45'),(116,167,2,'f983cb0a69d06f0de405b4370c5e687a.jpg','1077837515580720','1077830938914711_1077832728914532',0,0,0,'2015-05-08 10:20:57'),(117,170,25,'65d4062981dfeeb85271cd9c957eaec6.PNG','10206163954515598','10206163876473647_10206163954515598',0,0,0,'2015-05-08 10:23:26'),(118,166,2,'061b8a02623400c6560a692c57a273a0.jpg','10153233444392278','10153233396417278_10153233444392278',0,0,0,'2015-05-08 10:25:28'),(119,165,16,'4b6731af0d56cfb092af5e54a15afa21.png','488265967995446','488246874664022_488259914662718',0,0,0,'2015-05-08 10:32:40'),(120,165,12,'08a4e9ab9c692948d009b6951ffd2708.jpg','488267194661990','488246874664022_488259914662718',0,0,0,'2015-05-08 10:35:55'),(121,158,11,'f5b21ed75a4e91e59987306986d391a9.JPG','10204377718384979','10204377537340453_10204377718384979',0,0,0,'2015-05-08 10:40:21'),(122,178,8,'c751d3d8c3fac6d9d601a747b353d2b2.jpg','10153199634892200','10153199609707200_10153199634892200',0,0,0,'2015-05-08 10:50:05'),(123,133,6,'eccdf24b87bbbbab7e6f16f4a5b14bd4.jpg','1580700795535298','1580700818868629_1580700795535298',0,0,0,'2015-05-08 11:03:00'),(124,178,13,'5898c2aff460194a1ed3b0c49fe473b7.jpg','10153199653282200','10153199609707200_10153199634892200',0,0,0,'2015-05-08 11:04:13'),(125,122,29,'8812f1f15f07a8f390ebe8f66dba3fd0.JPG','10153291321303764','10153290442278764_10153290463993764',0,0,0,'2015-05-08 11:11:48'),(126,182,29,'f144acc7944e6af46f93bf8947260074.JPG','860447200667472','860440897334769_860447200667472',0,0,0,'2015-05-08 11:13:15'),(127,178,22,'d2f8d1264d61ffe26cd70ed1cf66f756.jpg','10153199668052200','10153199609707200_10153199634892200',0,0,0,'2015-05-08 11:16:16'),(128,192,22,'45ac67661adaa4d44843c54827c4d6d2.png','1582778642000006','1582777612000109_1582778642000006',0,0,0,'2015-05-08 11:24:02'),(129,192,8,'099e4bf91ba524ce1af7443c3c9ba6b3.png','1582778785333325','1582777612000109_1582778642000006',0,0,0,'2015-05-08 11:24:50'),(130,192,4,'34ec4cbd4a2ebed4d7903ef21bc3a5ae.png','1582778931999977','1582777612000109_1582778642000006',0,0,0,'2015-05-08 11:25:49'),(131,184,24,'f2f998fe68512e4a1cfa5942c7c5888c.jpg','10153638622529879','10153638575014879_10153638622529879',0,0,0,'2015-05-08 11:28:22'),(132,130,27,'e817b63cb2f49e4bc418acd69ffa537c.jpg','10155523073905224','10155521560195224_10155521652870224',0,0,0,'2015-05-08 11:37:50'),(133,182,15,'7752aec08b0eb6ea51158dc030b1c4db.jpg','860467003998825','860440897334769_860447200667472',0,0,0,'2015-05-08 11:46:08'),(134,198,16,'5469e89210ac6e92bbdab7fc89b10812.jpg','10205355677439169','10205355616717651_10205355677439169',0,0,0,'2015-05-08 11:49:03'),(135,191,24,'a75400a73df942af5f16083f36efabb8.png','10206960645596877','10206960391750531_10206960645596877',0,0,0,'2015-05-08 11:50:44'),(136,174,22,'5578f3b95126427b2211a6518299e32f.jpg','812121795542828','812098632211811_812121795542828',0,0,0,'2015-05-08 11:57:06'),(137,184,5,'60aedd609e47f51add612a8b6681001b.jpg','10153638688309879','10153638575014879_10153638622529879',0,0,0,'2015-05-08 12:03:03'),(138,204,19,'f09070bf17cef4edd4f9718a5fd38c3c.jpg','10200499452805247','10200499421124455_10200499452805247',0,0,0,'2015-05-08 12:12:55'),(139,203,21,'28388f4b5b99748fc320c78f1e42f489.jpg','969137869817001','969129126484542_969137869817001',0,0,0,'2015-05-08 12:13:15'),(140,174,7,'96070797edc3b9829da9db7e98f60d11.jpg','812127062208968','812098632211811_812121795542828',0,0,0,'2015-05-08 12:16:09'),(141,182,1,'4c71250fde675fb76188382a76b0033e.jpg','860475433997982','860440897334769_860447200667472',0,0,0,'2015-05-08 12:17:36'),(142,204,22,'4fca9366707cc870c6afd59e1474feb3.png','10200499465445563','10200499421124455_10200499452805247',0,0,0,'2015-05-08 12:24:39'),(143,208,22,'643507ccf8cf01e7395b4d1b31c57069.jpg','949959208381690','949947281716216_949959208381690',0,0,0,'2015-05-08 12:25:08'),(144,209,9,'df3a6afe0de80a9a7048fb9d0aaa1d71.JPG','826412490769640','826410984103124_826412490769640',0,0,0,'2015-05-08 12:26:42'),(145,49,5,'2cc5b8a9093df931309cae1eb958f793.jpg','878902942166823','878250122232105_878902942166823',0,0,0,'2015-05-08 12:28:26'),(146,204,7,'bf630670cd7efbe89f5d2fb138ee3121.jpg','10200499477965876','10200499421124455_10200499452805247',0,0,0,'2015-05-08 12:32:30'),(147,213,21,'a2bd03cd48eb615b1877e0290c8f043b.jpg','10206367821051388','10206367774010212_10206367821051388',0,0,0,'2015-05-08 12:44:24'),(148,215,30,'3b24df9e492de3f9c9c454ac0dc00646.jpg','1077011232313852','1077005725647736_1077011232313852',0,0,0,'2015-05-08 12:54:31'),(149,215,25,'60a25c1a40ad11cb6916e6629cb5c26d.jpg','1077015855646723','1077005725647736_1077011232313852',0,0,0,'2015-05-08 13:02:33'),(150,189,19,'e2155355137ffd7d4db63be57c5e2d35.JPG','10152981179073992','10152981011018992_10152981179073992',0,0,0,'2015-05-08 13:02:44'),(151,215,14,'804aad5d42c4e9b7b0894919bb3fffc8.jpg','1077019052313070','1077005725647736_1077011232313852',0,0,0,'2015-05-08 13:10:14'),(152,198,8,'9da2c835cffcef619d1516f85d2f7f31.jpg','10205356094449594','10205355616717651_10205355677439169',0,0,0,'2015-05-08 13:12:52'),(153,219,3,'8d0bfb907e1ceadf7b806cc4c45bd2ec.jpg','966257443406242','966251830073470_966257443406242',0,0,0,'2015-05-08 13:17:11'),(154,219,15,'b5f6d8a6acf9844b2f35cbc1620f64f5.jpg','966258920072761','966251830073470_966257443406242',0,0,0,'2015-05-08 13:24:30'),(155,158,27,'95f8f9dfb18056e7009a21b5d6df59cd.jpg','10204378400722037','10204377537340453_10204377718384979',0,0,0,'2015-05-08 13:32:39'),(156,226,12,'48a37c41216895065cea664474acc72d.jpg','10152832966956658','10152832937121658_10152832966956658',0,0,0,'2015-05-08 13:53:17'),(157,227,10,'c0044b24c0d0336f4e1f7184538dacdf.jpg','769789383135920','769783393136519_769789383135920',0,0,0,'2015-05-08 14:12:45'),(158,219,9,'7cf760ae686b054d73a654e59e97c1ad.jpg','966281853403801','966251830073470_966257443406242',0,0,0,'2015-05-08 14:17:41'),(159,227,12,'96f657f6b4146e98fb7196a7e6eca012.jpg','769790296469162','769783393136519_769789383135920',0,0,0,'2015-05-08 14:19:07'),(160,230,11,'ea16552364a4b9bac8dd243e3ffa553d.jpg','10206917697289507','10206917644368184_10206917697289507',0,0,0,'2015-05-08 14:47:20'),(161,133,1,'0913db982cdc073d87fc985d28cad973.jpg','911130068908057','910881622266235_910892038931860',0,0,0,'2015-05-08 14:51:21'),(162,232,21,'5eff8942f2f214fdd4f16d87fd30d20f.JPG','886637351379329','886630974713300_886637351379329',0,0,0,'2015-05-08 14:51:53'),(163,83,19,'7d43737cf401458ac7d80774ab9de807.jpg','10204127019036017','10204120032181350_10204123749394278',0,0,0,'2015-05-08 14:55:20'),(164,189,25,'1c4f262def49efd3c2a7aa6cce395618.JPG','10152981396768992','10152981011018992_10152981179073992',0,0,0,'2015-05-08 14:59:18'),(165,189,8,'7b0981c043e5cc43861706b2db76533b.JPG','10152981403813992','10152981011018992_10152981179073992',0,0,0,'2015-05-08 15:05:57'),(166,52,12,'3630d212935a7d3f7ca770d5454a2726.jpg','10206894279135271','10206883535506687_10206894279135271',0,0,0,'2015-05-08 15:15:41'),(167,111,29,'b79aedb049f5ccc11d6a500198888bf2.jpg','10152932395302983','10152917472997983_10152932395302983',0,0,0,'2015-05-08 15:17:18'),(168,166,11,'ac8799d605718bc08e7e3194d91364f9.jpg','10153233894697278','10153233396417278_10153233444392278',0,0,0,'2015-05-08 15:26:47'),(169,166,29,'08f44ac2d2c2240622aeda10b2c4549a.jpg','10153233903892278','10153233396417278_10153233444392278',0,0,0,'2015-05-08 15:33:02'),(170,129,23,'76145a94458a52c1a079257219f4cbe5.jpg','940222569331527','939950192692098_939955056024945',0,0,0,'2015-05-08 16:27:17'),(171,78,3,'da8d141e8e2b02c82478ee6b36ba5f22.jpg','10152929963606523','10152927303546523_10152929963606523',0,0,0,'2015-05-08 16:34:13'),(172,241,22,'9507dcd645c6d4e306d07173bb2a71c2.jpg','10152996218099545','10152996171244545_10152996218099545',0,0,0,'2015-05-08 16:42:17');
/*!40000 ALTER TABLE `tbl_user_challenge` ENABLE KEYS */;
UNLOCK TABLES;

--
-- Table structure for table `tbl_user_current_challenge`
--

DROP TABLE IF EXISTS `tbl_user_current_challenge`;
/*!40101 SET @saved_cs_client     = @@character_set_client */;
/*!40101 SET character_set_client = utf8 */;
CREATE TABLE `tbl_user_current_challenge` (
  `fk_user_id` int(11) NOT NULL,
  `fk_challenge_id` int(11) NOT NULL,
  PRIMARY KEY (`fk_user_id`),
  KEY `fk_tbl_user_current_challenge_tbl_challenge1_idx` (`fk_challenge_id`),
  KEY `fk_tbl_user_current_challenge_tbl_user1_idx` (`fk_user_id`),
  CONSTRAINT `fk_tbl_user_current_challenge_tbl_challenge1` FOREIGN KEY (`fk_challenge_id`) REFERENCES `tbl_challenge` (`id`) ON DELETE CASCADE ON UPDATE CASCADE,
  CONSTRAINT `fk_tbl_user_current_challenge_tbl_user1` FOREIGN KEY (`fk_user_id`) REFERENCES `tbl_user` (`id`) ON DELETE CASCADE ON UPDATE CASCADE
) ENGINE=InnoDB DEFAULT CHARSET=utf8;
/*!40101 SET character_set_client = @saved_cs_client */;

--
-- Dumping data for table `tbl_user_current_challenge`
--

LOCK TABLES `tbl_user_current_challenge` WRITE;
/*!40000 ALTER TABLE `tbl_user_current_challenge` DISABLE KEYS */;
INSERT INTO `tbl_user_current_challenge` VALUES (102,1),(120,1),(175,1),(177,1),(235,1),(212,2),(53,3),(88,3),(148,3),(187,3),(217,3),(56,4),(64,4),(68,4),(160,4),(186,4),(191,4),(71,5),(135,5),(183,5),(213,5),(238,5),(48,6),(79,6),(93,6),(52,7),(96,7),(125,7),(151,7),(158,7),(173,7),(137,8),(147,8),(216,8),(47,9),(85,9),(101,9),(150,9),(179,9),(180,9),(190,9),(226,9),(40,10),(54,10),(82,10),(162,10),(163,10),(168,10),(184,10),(203,10),(211,10),(227,10),(70,11),(164,11),(170,11),(196,11),(218,11),(39,12),(43,12),(69,12),(185,12),(195,12),(92,13),(146,13),(155,13),(44,14),(72,14),(104,14),(228,14),(242,14),(86,15),(131,15),(145,15),(159,15),(87,16),(123,16),(134,16),(141,17),(222,17),(224,17),(65,18),(90,18),(139,18),(209,18),(229,18),(62,19),(81,19),(118,19),(119,19),(129,19),(197,19),(237,19),(46,20),(205,20),(208,20),(55,21),(207,21),(221,21),(58,22),(106,22),(149,22),(161,22),(188,22),(202,22),(42,23),(60,23),(73,23),(152,23),(199,23),(45,24),(50,24),(126,24),(138,24),(156,24),(201,24),(206,24),(214,24),(66,25),(99,25),(223,25),(236,25),(57,26),(63,26),(113,26),(127,26),(136,26),(174,26),(193,26),(233,26),(240,26),(241,26),(100,27),(142,27),(143,27),(194,27),(230,27),(243,27),(41,28),(59,28),(84,28),(89,28),(108,28),(132,28),(154,28),(169,28),(176,28),(198,28),(74,29),(98,29),(157,29),(51,30),(116,30);
/*!40000 ALTER TABLE `tbl_user_current_challenge` ENABLE KEYS */;
UNLOCK TABLES;

--
-- Table structure for table `tbl_user_engagemet_challenge`
--

DROP TABLE IF EXISTS `tbl_user_engagemet_challenge`;
/*!40101 SET @saved_cs_client     = @@character_set_client */;
/*!40101 SET character_set_client = utf8 */;
CREATE TABLE `tbl_user_engagemet_challenge` (
  `id` int(11) NOT NULL AUTO_INCREMENT,
  `fk_user_id` int(11) NOT NULL,
  `fk_engagemet_challenge_id` int(11) NOT NULL,
  `challenge_photo` text NOT NULL,
  `created_at` datetime NOT NULL,
  PRIMARY KEY (`id`),
  KEY `fk_tbl_user_engagemet_challenge_tbl_engagemet_challenge1_idx` (`fk_engagemet_challenge_id`),
  KEY `fk_tbl_user_engagemet_challenge_tbl_user1_idx` (`fk_user_id`),
  CONSTRAINT `fk_tbl_user_engagemet_challenge_tbl_user1` FOREIGN KEY (`fk_user_id`) REFERENCES `tbl_user` (`id`) ON DELETE CASCADE ON UPDATE CASCADE,
  CONSTRAINT `fk_tbl_user_engagemet_challenge_tbl_engagemet_challenge1` FOREIGN KEY (`fk_engagemet_challenge_id`) REFERENCES `tbl_engagemet_challenge` (`id`) ON DELETE CASCADE ON UPDATE CASCADE
) ENGINE=InnoDB AUTO_INCREMENT=62 DEFAULT CHARSET=utf8;
/*!40101 SET character_set_client = @saved_cs_client */;

--
-- Dumping data for table `tbl_user_engagemet_challenge`
--

LOCK TABLES `tbl_user_engagemet_challenge` WRITE;
/*!40000 ALTER TABLE `tbl_user_engagemet_challenge` DISABLE KEYS */;
INSERT INTO `tbl_user_engagemet_challenge` VALUES (6,39,1,'5c5457fa97f45331398883d07e1cd53f.png','2015-05-06 20:10:20'),(7,48,1,'95d4bfe43a794dc8a19574fa8d30f5ff.jpg','2015-05-06 20:32:41'),(8,56,1,'5e1523f2c742915b1792fa23583ef330.jpg','2015-05-06 20:43:08'),(9,59,1,'e8daa30f79dd119eb9bb8fea513d609d.jpg','2015-05-06 20:52:37'),(10,75,1,'bab0d6e76bcdc266f512ea994367b95f.png','2015-05-06 22:20:29'),(11,74,2,'7d24cb3c72c3e2c66b29e4274ebe0c4a.PNG','2015-05-07 07:39:25'),(12,94,2,'0f313c67ba17d47861aa90bd7440b7ef.jpg','2015-05-07 08:18:40'),(13,93,2,'214af61bd71cb21f110d7f96acd3f581.PNG','2015-05-07 08:28:14'),(14,95,2,'5230f750b39c9b4fc85eb35ff5c8b695.JPG','2015-05-07 08:33:17'),(15,68,2,'63b2e0280d518ba153e03a3ad4620f94.jpg','2015-05-07 10:58:30'),(16,109,2,'2d774aba13d103c38d177342b5ec489b.png','2015-05-07 11:53:48'),(17,97,2,'acc15359d584f0ddfd08225238873a58.jpg','2015-05-07 12:44:51'),(18,62,2,'e10174aa169b1b5d0dc1aaf41ce9367b.png','2015-05-07 12:49:37'),(19,59,2,'4f91cb2dbac3f979bd46198fdbec6b64.png','2015-05-07 17:41:22'),(20,119,2,'755dbeff8b94362602ed279a6a12c03e.jpg','2015-05-07 19:44:56'),(21,120,2,'562a56c16f1aef4f15c08c72f718d582.png','2015-05-07 20:30:31'),(22,122,2,'4633ace245a5857e07f1d1a4f9cbef55.jpg','2015-05-07 22:22:26'),(23,81,2,'9210f38a14d75b27b0165718d3528103.jpg','2015-05-07 22:26:15'),(24,123,2,'ee8706d2fd2d56dcae632518d98b6ec6.png','2015-05-07 22:28:41'),(25,125,2,'a096cd951ed2d4e7eb9fda00ffb5fa8e.png','2015-05-07 22:30:56'),(26,78,2,'9d857c0a860503f0a0c4881e06fe7854.jpg','2015-05-07 22:32:02'),(27,128,2,'3baf659889a078ddeb6a908762a1d7e6.jpg','2015-05-07 22:49:32'),(28,133,2,'974c6188e54c5f85cf3c15c16698f350.png','2015-05-08 00:09:01'),(29,141,2,'dc12c714d796d8ce57cc910e5d9e8f6a.png','2015-05-08 02:27:26'),(30,74,3,'2d8f3d53a6b79b6258f893e0cb0d08ed.PNG','2015-05-08 07:16:38'),(31,148,3,'ad93ddb35c1c3a86f3efc703610576a0.png','2015-05-08 08:17:27'),(32,117,3,'665880e6df69da080137118dbd9eac64.jpg','2015-05-08 09:15:51'),(33,153,3,'4ad3ea10c29750b806fb6f757fe1a1a9.png','2015-05-08 09:53:06'),(34,158,3,'129d8d9d0763eb413b14dea4dd7e1fb7.png','2015-05-08 10:01:51'),(35,167,3,'5b1223116004b0eee0c8e2cb2b4055af.png','2015-05-08 10:02:45'),(36,159,3,'0b39ceb1aea35d6e245731c91ae9f5d2.png','2015-05-08 10:07:23'),(37,174,3,'7d6b35ee6e2eeb442999665e15039a5c.png','2015-05-08 10:29:10'),(38,182,3,'96cc6d9ee560ade70e78a368716f0624.png','2015-05-08 10:53:19'),(39,165,3,'87a6fc0ab07b325a733384287455fbf8.png','2015-05-08 11:02:36'),(40,122,3,'c1042675984d46e67a77c9dd3bfe9f84.JPG','2015-05-08 11:08:19'),(41,68,3,'38aebb7a65eeb768ff8d987a508e8d3d.png','2015-05-08 11:18:01'),(42,62,3,'ff83270bb2697ad18f0b8a03fc8ca30e.png','2015-05-08 11:23:42'),(43,196,3,'68eb0d56f3ed2a2195632d7909a9ae94.jpg','2015-05-08 11:34:17'),(44,198,3,'b14dc000911d1666de3879708851800b.jpg','2015-05-08 11:40:40'),(45,194,3,'a887740a6df17fda726e51f8f9c0d9f4.png','2015-05-08 11:41:14'),(46,203,3,'64d494425ec7fe565919e5fa3b1168db.png','2015-05-08 11:48:41'),(47,200,3,'99b488fe7d202ba6cc69d7a2ac4e47c4.jpg','2015-05-08 11:50:35'),(48,197,3,'de8786dfee7e0785932f7e9541b516c8.png','2015-05-08 12:03:47'),(49,125,3,'b8699de8e19a2a1a3672f4fce2a146aa.png','2015-05-08 12:40:16'),(50,204,3,'228df463c7c5b538e2d1aee4f4126de6.png','2015-05-08 12:41:26'),(51,213,3,'32a4e4939d787063b953c2928addbdbc.jpg','2015-05-08 12:43:29'),(52,216,3,'830618310377e7ebb62e45736c3c3e34.png','2015-05-08 13:42:40'),(53,229,3,'25217deb015f017fca4315d417cb5258.jpg','2015-05-08 14:17:30'),(54,133,3,'0580b032cc0e0b0faa7e55185bd2cd59.png','2015-05-08 14:19:13'),(55,233,3,'bc8b1d024a0e419c333b209501c7b63a.jpg','2015-05-08 14:56:23'),(56,234,3,'87d1e5536f6ff9faaf0b5c3cd08e541d.png','2015-05-08 15:03:28'),(57,166,3,'4db7083e122ddd11f1795065130e9e6a.jpg','2015-05-08 16:03:06'),(58,237,3,'e87d95430c63c3620227570bf5aec60b.JPG','2015-05-08 16:12:11'),(59,241,3,'9524308ba58e3627df960013942748c0.jpg','2015-05-08 16:19:57'),(60,243,3,'08d2e44dc6a120037424d5cdaf8daf5a.png','2015-05-08 16:31:36'),(61,175,3,'cfd1751aeb6807298f6379accce08a5f.png','2015-05-08 16:41:56');
/*!40000 ALTER TABLE `tbl_user_engagemet_challenge` ENABLE KEYS */;
UNLOCK TABLES;

--
-- Table structure for table `tbl_user_mom`
--

DROP TABLE IF EXISTS `tbl_user_mom`;
/*!40101 SET @saved_cs_client     = @@character_set_client */;
/*!40101 SET character_set_client = utf8 */;
CREATE TABLE `tbl_user_mom` (
  `id` int(11) NOT NULL AUTO_INCREMENT,
  `fk_user_id` int(11) NOT NULL,
  `facebook_id` varchar(255) NOT NULL,
  `picture` text,
  `document` varchar(255) NOT NULL,
  `first_name` varchar(255) NOT NULL,
  `last_name` varchar(255) NOT NULL,
  `email` varchar(255) NOT NULL,
  `cellphone` varchar(255) NOT NULL,
  `created_at` datetime NOT NULL,
  PRIMARY KEY (`id`),
  KEY `fk_tbl_user_mom_tbl_user_idx` (`fk_user_id`),
  CONSTRAINT `fk_tbl_user_mom_tbl_user` FOREIGN KEY (`fk_user_id`) REFERENCES `tbl_user` (`id`) ON DELETE CASCADE ON UPDATE CASCADE
) ENGINE=InnoDB AUTO_INCREMENT=240 DEFAULT CHARSET=utf8;
/*!40101 SET character_set_client = @saved_cs_client */;

--
-- Dumping data for table `tbl_user_mom`
--

LOCK TABLES `tbl_user_mom` WRITE;
/*!40000 ALTER TABLE `tbl_user_mom` DISABLE KEYS */;
INSERT INTO `tbl_user_mom` VALUES (35,39,'','','21031440','Celmira','Urrego Martinez','umcelmira@gmail.com','3132807067','2015-05-06 20:02:47'),(36,40,'','','65711029','luz marina','gonzalez villada','kurt9751@hotmail.com','3102880219','2015-05-06 20:05:32'),(37,41,'','','31936228','luz marina','rocha cabrera','rochaluzmaryy@hotmail.com','3172397157','2015-05-06 20:05:40'),(38,42,'','','22401659','Carmen','Arroyo','kellymejia192@hotmail.com','3162334503','2015-05-06 20:07:36'),(39,43,'','','52099296','Leonor','Gonzalez','','3174846667','2015-05-06 20:08:58'),(40,44,'','','31854876','carmen rosa','paz','rosap50@hotmail.com','3156305283','2015-05-06 20:17:34'),(41,45,'','','51836240','Luz Mery','Encalada Arevalo','abril.8362@hotmail.com','3107557580','2015-05-06 20:20:36'),(42,46,'','','32619687','maria elena','ortiz','marielenamateo26@hotmail.com','3217638921','2015-05-06 20:21:10'),(43,47,'','','38250453','Rosalba','Gavilán','axelchucho331@gmail.com','3123930730','2015-05-06 20:23:52'),(44,48,'','','32617497','Maria Cristina','Velez Gomez','cristinavelez54@hotmail.com','3004377625','2015-05-06 20:24:24'),(45,49,'','','64586249','gladis margoth','puche gonzalez','alvischachi23@hotmail.com','3212492387','2015-05-06 20:24:33'),(46,50,'','','21172209','maria','Baquero','mariabc46@hotmail.com','3135060242','2015-05-06 20:25:42'),(47,51,'','','35332631','Beatriz','Riaño cardenas','brcardenas53@gmail.com','3002760746','2015-05-06 20:26:17'),(48,52,'','','32334083','Luz Amparo','Ocampo Galindo','amparitoocampo@hotmail.com','3006178009','2015-05-06 20:26:39'),(49,53,'','','23629149','carmen elisa','marcelo sanchez','carmenmar1570@hotmail.com','3114709597','2015-05-06 20:32:07'),(50,54,'','','63489866','blanca flor','perez abaunza','july1118@outlook.com','3157802818','2015-05-06 20:37:53'),(51,55,'','','46374556','sonia','aguirre','heidysofia2004@yahoo.es','3004690906','2015-05-06 20:39:27'),(52,56,'','','24481734','fanny','franco','fannyfasi@hotmail.com','3104679027','2015-05-06 20:39:41'),(53,57,'','','49659635','graciela','castro','chicafresa198@hotmail.com','3156227544','2015-05-06 20:43:36'),(54,58,'','','27958608','MARIA DELFINA','MEJIA DE TORRES','merilin_108@hotmail.com','3172271487','2015-05-06 20:49:18'),(55,59,'','','24242297','Olga','unda','yiga19@hotmail.com','3188326482','2015-05-06 20:49:47'),(56,60,'','','21843079','nubia','arredondo','julianarredondo-@hotmail.com','3137125195','2015-05-06 20:56:39'),(57,61,'','','51839780','Ana elba','estepa albarracin','erodrgo-11@hotmail.com','3118108593','2015-05-06 20:59:29'),(58,62,'','','64563518','Elizabeth','Vergara Olivera','elivergara1964@hotmail.com','3147858887','2015-05-06 20:59:33'),(59,63,'','','29118782','carolina','lopez londoño','dianca79@hotmail.com','3176371947','2015-05-06 21:02:33'),(60,64,'','','27431110','Angelica','Benavides','jairobot681@gmail.com','3166475577','2015-05-06 21:08:35'),(61,65,'','','63324850','Irene','Sanabria Moncada','renecastelly@gmail.com','3143238468','2015-05-06 21:14:09'),(62,66,'','','23406111','maria','mora','jobita_12@hotmail.es','3125782527','2015-05-06 21:16:21'),(63,67,'','','30296677','Maria Marlene','Melo','lenym014@hotmail.com','3146917978','2015-05-06 21:26:53'),(64,68,'','','64548565','Laudith','Montejo Com','laumoncom@hotmail.com','3005019481','2015-05-06 21:28:18'),(65,69,'','','51567899','Gladis Cecilia','Rodriguez Navarrete','glacerona@hotmail.com','3108761190','2015-05-06 21:29:21'),(66,70,'','','46370760','Olga Alexandra','Acosta Zamudio','olgacostaz@hotmail.com','3137191116','2015-05-06 21:32:17'),(67,71,'','','264898896','Maria Dolores','Macias de Pinzon','mayapin@hotmail.com','3182127233','2015-05-06 21:37:45'),(68,72,'','','45476318','Denis','Ortega Vidal','susnax@outlook.com','3217067349','2015-05-06 21:38:39'),(69,73,'','','32819665','yudis ester','vargas herrera','ryleva_29@hotmail.com','3015653789','2015-05-06 21:47:03'),(70,74,'','','24305402','melva','leon','melva-leon@hotmail.com','3122435905','2015-05-06 22:06:56'),(71,75,'','','53131021','adriana','ariza rodriguez','angieadri@hotmail.com','3145577040','2015-05-06 22:07:36'),(72,76,'','','39409880','Carmen Julia','Lopez Acosta','Carmen201065@hotmail.com','3113593164','2015-05-06 22:08:05'),(73,77,'','','40355900','maria teresa','castrillon ramirez','lidagallego238@gmail.com','3212213204','2015-05-06 22:09:59'),(74,78,'','','46351921','Hilda Marina','Botello Alfonso','hildisteje@hotmail.com','3166881874','2015-05-06 22:25:57'),(75,79,'','','28161942','olga','garcia rodriguez','nmorduz@hotmail.com','3118944002','2015-05-06 22:29:39'),(76,80,'','','43495658','ester','loaiza ruiz','cambiodetodo2010@hotmail.com','3194289586','2015-05-06 22:31:38'),(77,81,'','','37830703','Luz Marina','Niño Zafra','caldenyjoyas@hotmail.com','3185163015','2015-05-06 22:40:33'),(78,82,'','','31295944','Maria Elvia','Meneses','mariaelvia28@hotmail.com','3165578899','2015-05-06 22:50:12'),(79,83,'','','25911685','carmen cecilia','alvarez viloria','joseloarez14@gmail.com','3105649280','2015-05-06 23:00:39'),(80,84,'','','63348217','Maria lidia','hernandez villamizar','marialidiaclick@hotmail.com','3133156145','2015-05-06 23:09:22'),(81,85,'','','29877953','jaqueline','Veloza Meneses','jackelineveloza@hotmail.com','3147063407','2015-05-06 23:33:26'),(82,86,'','','32291185','martha cecilia','vitar avila','','3117986210','2015-05-06 23:39:30'),(83,87,'','','39658661','Mabel','Bahamon','luisagutierrezb@hotmail.com','3103366730','2015-05-06 23:49:01'),(84,88,'','','21239043','Angélica','Sastre','victorvaf@hotmail.com','3138344235','2015-05-07 01:33:27'),(85,89,'','','52147802','rosmira','Quiceno Ruiz','','3117836722','2015-05-07 01:33:47'),(86,90,'','','22578714','Rosalia','Moya Forero','rosalia0228@hotmail.com','3186380644','2015-05-07 05:35:27'),(87,91,'','','20139491','Olga','ramirez de gonzalez','ogonzalez200@hotmail.com','3004402094','2015-05-07 06:06:38'),(88,92,'','','40765355','maricela','lozano','yissel101@hotmail.com','3208904965','2015-05-07 07:10:21'),(89,93,'','','60292982','ofelia','bermudez','viajera1107@hotmail.com','3114973204','2015-05-07 07:42:38'),(90,94,'','','57411922','ruth marlene','barreto herazo','ruthbarretoherazo@hotmail.com','3008664301','2015-05-07 08:16:34'),(91,95,'','','1234567890','Prueba','Prueba','Prueba@Prueba.com','1234543216','2015-05-07 08:27:21'),(92,96,'','','6666666666','Bertha','Campos','bertha@multilingua.us','4074318770','2015-05-07 08:56:11'),(93,97,'','','52182800','lizna zobeide','cortes ardila','isasamu1309@outlook.es','3123143617','2015-05-07 09:28:37'),(94,98,'','','22341089','AHURY A','ARCON DE QUINTERO','monikorozco@hotmail.com','3207928129','2015-05-07 09:30:43'),(95,99,'','','41655872','Gladys','Alvarado Chavarro','gladys_alvarado48@yahoo.es','3125016490','2015-05-07 10:08:08'),(96,100,'','','52055104','Miryam Rubiela','Farfan Rojas','miryamrubielafarfan@gmail.com','3107633503','2015-05-07 10:13:08'),(97,101,'','','49686662','Rosalba','Ortiz Martinez','gortiiz@hotmail.com','3014343687','2015-05-07 10:17:20'),(98,102,'','','65750485','diana lyda','cortes vega','dianalycv@hotmail.com','3177134959','2015-05-07 10:24:00'),(99,103,'','','32620986','Rosalia','Barrios Herrera','rochybarriosherrera@hotmail.com','3217869042','2015-05-07 10:26:22'),(100,104,'','','39651771','maria argenis','bocanegra','karen_abl@hotmail.com','3115939294','2015-05-07 10:37:12'),(101,105,'','','26477085','flor  marina','sanchez martinez','macnamara36910@hotmail.com','3144280761','2015-05-07 10:47:01'),(102,106,'','','21768359','Emilce','Gracia orrego','','3005527406','2015-05-07 10:59:58'),(103,107,'','','65879434','pedrina','cifuentes','pedriana_cifuentesh@otmail.com','3218900983','2015-05-07 11:04:51'),(104,108,'','','41508549','Clemencia','Sánchez','clemencia.sanchez@gmail.com','3123454534','2015-05-07 11:44:32'),(105,109,'','','28698636','Rossel','Gonzalez Iñiguez','rosselgoin@hotmail.com','3183639163','2015-05-07 11:51:57'),(106,110,'','','51914281','BIBIAM','VARGAS','VIVIANAVARGAS0102@HOTMAIL.COM','3202734239','2015-05-07 12:07:15'),(107,111,'','','1014224079','Angélica Ximena','Hernández Soler','Ximenahernandez07@Gmail.com','3203584655','2015-05-07 15:25:51'),(109,113,'','','314121192','Gloria liliana','Marquez Arango','gloria.marquez07@hotmail.com','3158255196','2015-05-07 17:24:57'),(111,115,'AaLdX4-P9jJ0jbXesZVXgO4PW-b_6Mg_4NQZcy9Biu4VyDzpZWyOVrgFq9DQ2_E878oA8oywKz1yDqaMGSvM0jieu4vJy0GvYbe_FJTZ1Y6tzg','https://fbcdn-profile-a.akamaihd.net/hprofile-ak-xft1/v/t1.0-1/p50x50/11150977_451634354991262_1692585806237291767_n.jpg?oh=7f0e69c299631d9728f3c7e74c0f655e&oe=55D9DE71&__gda__=1440431973_2b6c71b3d3f2f6bca0253068864d487c','70055207','Yanila Valencia','velasquez','yackeline11@hotmail.com','3013729896','2015-05-07 17:39:15'),(112,116,'AaJSQNZGHjDHSueZhjBLRLB9-TTjvndxMKgCILEJn55E0cNXcBgeyo00rNL4caF56xG1YsGKWGwlo7Zu0bCVLJnuN6DnloLH53dhW0TKyKHHLQ','https://fbcdn-profile-a.akamaihd.net/hprofile-ak-xfa1/v/t1.0-1/c15.0.50.50/p50x50/1379841_10150004552801901_469209496895221757_n.jpg?oh=a6a490a2f8a320af6173fba05b22332b&oe=55C58D33&__gda__=1440157980_a332310b99a359cd770730bc492d2b3f','51624116','Concepcion','Sierra','conchissierra55@gmail.com','3112219472','2015-05-07 17:55:00'),(113,117,'AaKDmLPAyPCFlQDUMhovAs3n9MsZmfHnwzKQwwgIhkHbFXVdez_Yu1OmYB_fQn-WXpkn9jRhoOMMkVuJvaGhQL2XrH-SCwpWPwIpAowH3sw12Q','https://fbcdn-profile-a.akamaihd.net/hprofile-ak-xtp1/v/t1.0-1/p50x50/11150973_657801224324616_322731329245245949_n.jpg?oh=bc87bff393b3007fd425033a21ad29f2&oe=55C69115&__gda__=1438595827_1efd0909bbfedc5fead32b41d12ae232','34373160','Sulay','balanta','','3207243568','2015-05-07 18:22:35'),(114,118,'','','41312455','lucia','sierra de niño','flaca359@gmail.com','3004181883','2015-05-07 19:05:37'),(115,119,'','','27450339','Maria Isabel','Ordoñez Muñoz','diana.canelita@hotmail.com','3156509905','2015-05-07 19:29:33'),(116,120,'','','46366560','Consuelo','Cárdenas','tata_0409@hotmail.com','3114570538','2015-05-07 20:09:12'),(117,121,'AaJ3WdVUD8y71oY0D9rNC_fqLmf4rJRkvt02Dvu1FwMBXKQQ8ABk3u6k_oU04SdGB5TY-gGAf5QeLGfNt3o4WIycQREmjOedpOiD5xbot0U3qA','https://fbcdn-profile-a.akamaihd.net/hprofile-ak-xpt1/v/t1.0-1/p50x50/11165189_883768728332119_3576916174410926072_n.jpg?oh=2e58473115f6613944c45c2f33a2944c&oe=55CAB594&__gda__=1440246988_9e0407b241a5997a1608a2703a003e6f','40926001','Elcy Esther','meno benthan','elcy_menco@hotmail.com','3015318735','2015-05-07 20:09:18'),(118,122,'','','65734151','sandra','delgado','sandrapatricia55@hotmail.com','3173047241','2015-05-07 22:20:07'),(119,123,'AaKytbN1tUAGZN60WAwyjlGgszd0Z8AC4xVQS6yB9AScGR-YYK4JYfKfm5mhof4ln7g-VbbeeDxeOFEh1TVw54p0Ap4fgr_wQ_UY69OWKrha7g','https://fbcdn-profile-a.akamaihd.net/hprofile-ak-xpa1/v/t1.0-1/c0.6.50.50/p50x50/10355020_764006420304463_5175875428071697179_n.jpg?oh=b30f076d6c1533c4f66acdba5a10d47f&oe=55E1751D&__gda__=1439893027_4343dab6f538bcb248beac9bfb0f1505','51590034','Luz marina','rojas','marinita_501@yahoo.com','3003144730','2015-05-07 22:22:19'),(120,124,'','','80392724','graciela','garay','','3187772736','2015-05-07 22:25:57'),(121,125,'AaJAz_bhnoQWBB50SvovzwzdWFIqPvnvJF_aN3BuSOqE4Sy09a51Zr6JplA4ZydGYLMczJ44uTaHX8ieR_BKDfNGoUuSOQAUhsc7iEOhqO133Q','https://fbcdn-profile-a.akamaihd.net/hprofile-ak-xfa1/v/t1.0-1/c15.0.50.50/p50x50/1379841_10150004552801901_469209496895221757_n.jpg?oh=a6a490a2f8a320af6173fba05b22332b&oe=55C58D33&__gda__=1440157980_a332310b99a359cd770730bc492d2b3f','28866498','Isabel','alape moreno','isam-28@hotmail.com','3177358956','2015-05-07 22:26:56'),(122,126,'','','51606708','lilia','fonseca','lilia.fonseca@hotmail.com','3156143992','2015-05-07 22:27:01'),(123,127,'','','0000000','nancy','suarez','','3138959543','2015-05-07 22:41:55'),(124,128,'AaLqOSfCmS_mtNIs6mj-9BMqBf90N-nM4HLVAhKsb27azIqb9R2WrboUorfa706gGdTKfTqvWjzTpgGEYrFzwRqAdxbGNafVBiIOOnfsd7SybQ','https://fbcdn-profile-a.akamaihd.net/hprofile-ak-xfa1/v/t1.0-1/c13.13.167.167/s50x50/295986_103969319713646_267009528_n.jpg?oh=540f9605c9055b4e5d4f1ddd194f131d&oe=55D48C5D&__gda__=1443573521_d9770e08a8c1bc99349ce1f3f9742acc','35520313','Sofia','fernadez ponce','sofiaponce413@gmail.com','3173484018','2015-05-07 22:46:12'),(125,129,'AaIcdzQBYVniD-emOIWOm2gKW1doAQJYWv_n8nSutGrBIjytLc_exkIV9zMz7YVWfa3msbzYfNPpx9tZ3CJX6fmxnHSDHAUmYpUqyws3MO4o8Q','https://scontent.xx.fbcdn.net/hprofile-xtp1/v/l/t1.0-1/p50x50/10928847_542243572579803_6992244584655233496_n.jpg?oh=c25ebcc8d49c276ec6969e8624cf891a&oe=55CB4F21','49761171','Nayibes Jimenez Caro','jimenez','cesarynayibes45@hotmail.com','3116610116','2015-05-07 22:47:48'),(126,130,'','','60301635','herminda','peñaranda','monica-monsalve1@hotmail.com','3046729848','2015-05-07 22:57:41'),(127,131,'AaJrxFnPpBlmJL1A3JFwiJqRbqgTJ11m_KAlu44jBN9d2LGn3fA1aYNVG2vWEY4xk4UkDo1i8-pzjCwCDEYxe5rJ6g1X3Y9GV7h0W07BZQFJUA','https://fbcdn-profile-a.akamaihd.net/hprofile-ak-xft1/v/t1.0-1/p50x50/11113957_865232846881670_5301701357684905292_n.jpg?oh=778324a8ec8ebbc8c71d1fd05e15b43a&oe=55CDC266&__gda__=1438748786_f662e12cf2130d151c74337b6dda6f14','45620848','Miriam Morales Salinas','morales salinas','','3213861190','2015-05-07 23:00:16'),(128,132,'AaKUiokPmuN5LLfXIYLxenH4u5B7r7nq51Di9rvtw4sEGPtFd8XG_d4Ikm7cEbjSLYviBkZvOM_1ZrAWszaT75EPfCm6DS2ngRYnGGBRfO2Niw','https://fbcdn-profile-a.akamaihd.net/hprofile-ak-xfp1/v/t1.0-1/p50x50/11204908_10206196706538022_4572100571217979591_n.jpg?oh=b5ee66584640ecedb4fe93223cb54184&oe=55CC7CD0&__gda__=1439199931_4913c34d4843b4a000d8c7428fe08d44','42760482','Maria Eugenia','Gil Usuga','musuga1963@hotmail.com','3207127007','2015-05-07 23:00:51'),(129,133,'AaLk2lJ5cKrYSkr94r8HR0P4GKXOQtA6laJRAbOJQhHw-lx2nKdajfDn1EmfbmFdxsoALiouxsQf1DfIfA9GMV9KS4EsYRcoE65jnSN7kZzbbw','https://fbcdn-profile-a.akamaihd.net/hprofile-ak-xfa1/v/t1.0-1/c128.33.416.416/s50x50/285484_138393686243522_5915007_n.jpg?oh=eb0e4195187eb4145ecc4f5ba964aff4&oe=55DAA936&__gda__=1439660223_87835bdd289279eb694d8730b8932f17','64556690','Luz Mery','Villegas Gonzalez','luzmeryvillegas2010@hotmail.com','3215084968','2015-05-07 23:09:27'),(130,134,'','','63281386','elcida','amezquita Osma','elcidad1@hotmail.com','3102902839','2015-05-07 23:13:00'),(131,135,'','','41688205','cinda','rojas','carito29095@gmail.com','3207799078','2015-05-07 23:15:45'),(132,136,'AaJiorAPSdkRXeZK2bLcqVakehH85aSnmurzX1SnCMNleGO8VJ7tFwdrDmkdBYYPCk6o4RRHufnHceM1Dt9x2VeO5Kffqr3TxmPbSzjxcCBrig','https://fbcdn-profile-a.akamaihd.net/hprofile-ak-xpf1/v/t1.0-1/p50x50/10421204_1377332612587010_266215993082876044_n.jpg?oh=7905fb6dd9928e2c4c9d89f1e041c7da&oe=55CE8B73&__gda__=1443511000_fe549b9c6136e5807380da6e72187984','22744557','Marlene','Angulo','manosbenditas2013@hotmail.com','3007167825','2015-05-07 23:18:03'),(133,137,'AaKMU5_W2jUh8rLpt2uBM8j0gYfSb_7uQSJvMaozHgbeg9UcG7Md3mDJ2mK6KB4baI7x1Ps2_OmscGDg6ZREo9wP6cHpSslYh_Nvs2pQmtINEA','https://fbcdn-profile-a.akamaihd.net/hprofile-ak-xpa1/v/t1.0-1/c19.0.50.50/p50x50/10411312_476828029115580_3863538232789015220_n.jpg?oh=c0d88caf470ce9fc5cbd112b4692c02e&oe=55D718FA&__gda__=1440111635_035784770d5edeeb2813ca5c5521c628','40413795','Miryan Yanet','Cano Cruz','felipegusgie@hotmail.com','3124942196','2015-05-07 23:31:34'),(134,138,'','','43494658','esther','loaiza','mariarestrepoloaiza@hotmail.com','3148819639','2015-05-07 23:57:24'),(135,139,'','','20940900','Blanca Miryam','Garcia','','3124937789','2015-05-07 23:58:03'),(136,140,'AaLHdQqh0SvOaUwCMTqUwc7_jGvaXSJpnKncQUPRAwpq2aB92nOl28toWeiclqkWUpPmm4BXLL94GugNBWnLU0szz1-pDzo7ANCD3K6I4LlwrQ','https://fbcdn-profile-a.akamaihd.net/hprofile-ak-xfp1/v/t1.0-1/c8.0.50.50/p50x50/1926847_10204373573724063_7007175108678218975_n.jpg?oh=1979ae47eef0058b066ccbcda29c2b6d&oe=55DA445C&__gda__=1439543413_883aa547be98cdab02ce316aaa062fa3','41676203','Julia','Barrera Vega','julita-1000@hotmail.com','3044049736','2015-05-08 00:25:06'),(137,141,'AaJJoAblO0t8BY49IE7DslLQCBxH_7s8DUI0c2-2iQI1zN9tjJpUREMoLGFnFAPsTD9LPV2FS3ZEzG8rFdFh_vYVJvt_doJ5ym8MMu6O7W83Qw','https://fbcdn-profile-a.akamaihd.net/hprofile-ak-xfa1/v/t1.0-1/c15.0.50.50/p50x50/1379841_10150004552801901_469209496895221757_n.jpg?oh=a6a490a2f8a320af6173fba05b22332b&oe=55C58D33&__gda__=1440157980_a332310b99a359cd770730bc492d2b3f','21609870','Olga','Giraldo Arias','olgagiraldo@outlook.es','3137516501','2015-05-08 02:22:08'),(138,142,'AaIhPwYW3ZNLzOScA4jCE3ayrPDDcIHEQdDe9P-anhd5j40Uy4_1_A0oNp98-KGl8KSBnJ074G3f-44iYKHGthH7_LqXfyBQJdRmv4xr4Zopgg','https://fbcdn-profile-a.akamaihd.net/hprofile-ak-xap1/v/t1.0-1/c0.0.50.50/p50x50/1486749_1375591006032296_1472625333_n.jpg?oh=95ecf7ac3d79deb123f5daab26b6ec4e&oe=55C8C798&__gda__=1443511709_490c6586c16eff038f5dde3590d50614','3127731953','Teresa','Rojas','claudiayuve@hotmail.com','3136737483','2015-05-08 03:48:00'),(139,143,'','','20380741','Graciela','Garzon','nejan09@hotmail.com','3202950952','2015-05-08 06:13:05'),(140,144,'','','43163236','ana','cano rendon','canomariana12@gmail.com','3225892258','2015-05-08 06:29:16'),(141,145,'AaIbt0qGlef4B1XxsHIW_dd5yqVvbHMr2HjC38dwTpBAXFXmJAZ6Ux6mY9AwrkWVZTsEWBj8ZjUW572ak5uVXKZTodGuTWVwIY77DMS4qKdRVA','https://fbcdn-profile-a.akamaihd.net/hprofile-ak-xfa1/v/t1.0-1/p50x50/11120066_793743434066029_3037804546917701907_n.jpg?oh=32a60a32887b70161efb1d77eec39089&oe=55C597B2&__gda__=1439425762_3eb0d5d554769982592d49bace87de7c','31200875','Luz Marina','Gutierrez','luzmarinagutierrez-1962@hotmail.com','3148845659','2015-05-08 07:02:37'),(142,146,'AaKHrq8_D-8waDpcO0YNH-rIQuPAbHnk8R_Lti17zkQ48J30fWrjKJT5fl4iHBbaQ5OCeWAX2Rxvo7cvyK_gY9pd2esYV-hFHLnC5VMb8Vu9XA','https://fbcdn-profile-a.akamaihd.net/hprofile-ak-xtp1/v/t1.0-1/p50x50/11364_1503741816560481_5552302453349097631_n.jpg?oh=222845861c98ba90f2ae35bb077f7ec4&oe=55CD9267&__gda__=1439322238_deb4a139f0d9ef4c4be56389c48993d8','20166791','Maria Elena','rojas maldonado','mariaelenarojasmaldonado@gmail.com','3192409691','2015-05-08 07:26:18'),(143,147,'','','39659948','bhertha','parra','','3143310237','2015-05-08 07:45:34'),(144,148,'','','41785287','luz mirian','duran','jardyca@hotmail.com','3107673413','2015-05-08 07:59:38'),(145,149,'','','31404930','Gloria','Salazar','gloritas_9@hotmail.com','3154181297','2015-05-08 08:45:32'),(146,150,'','','33117976','belsy','RODRIGUEZ','','3156722595','2015-05-08 08:46:04'),(147,151,'AaIgfNSeSWv3H190dKvHGklFO5ARclAQR4b6p_3xLnNX-fLRZgqyO-n7PCYmLTWiQAWCxsiHbhtfkA9rKCsUAQYWIBDL0YoEblNJN_rHQn5qKA','https://fbcdn-profile-a.akamaihd.net/hprofile-ak-xap1/v/t1.0-1/p50x50/10898154_10204639359137227_25984714108127330_n.jpg?oh=040ae2b999d96252634b04888f3106ff&oe=55D8CD8E&__gda__=1440731320_28fdd2677bcc0532e6d5a3798fac4b45','1020733759','Dilia','Romero Santa','dilido01@hotmail.com','3134586769','2015-05-08 09:30:16'),(148,152,'','','45464547','carmen yamila','salas requena','','3205255463','2015-05-08 09:33:05'),(149,153,'','','20344015','Margarita Esther','Villalobos Gomez','margaratvillag@yahoo.es','3184458007','2015-05-08 09:35:20'),(150,154,'','','22732565','Victoria','Beracaza','ginnagamarrab@gmail.com','3005757276','2015-05-08 09:37:54'),(151,155,'','','39555722','martha yaneth','gonzalez','martha6306@hotmail.com','3213009530','2015-05-08 09:39:50'),(152,156,'AaL_Q_55lgBtJ3CUjV7Bm1dYxUzd83VTcLJMMJpjsyhxrMoX6IzRy7x7f3qLYpHlxbffKj7whSSfmusxT1D8m078E2ajHx6bqTFTs91CqYdFwA','https://fbcdn-profile-a.akamaihd.net/hprofile-ak-xap1/v/t1.0-1/c8.0.50.50/p50x50/1509201_583275995076432_2017475093_n.jpg?oh=ebd5e98913405c6bb6953ef8c4bfff1f&oe=55D7AE49&__gda__=1440437640_9aca6820c26afeaa2ac10c27626d7878','60254834','Miryam Carrillo','carrillo','','3202499918','2015-05-08 09:40:10'),(153,157,'','','36376153','Ruth maritza','Martinez Parra','lochob@gmail.com','3156491473','2015-05-08 09:43:41'),(154,158,'','','39092747','Doris','Barreto Altamar','dorisba10@hotmail.com','3172666694','2015-05-08 09:45:53'),(155,159,'AaI5LRTo64Q5IXxuZw8BYg5zi4SZ8Vn422yEJ1p-XWklsrC3O4uP-dNV2z0yvovwEMmw_2q5w9H3TKcalNeQlkU4YxU2OQOzqZxM7_GfaDRsTg','https://fbcdn-profile-a.akamaihd.net/hprofile-ak-xfa1/v/t1.0-1/c17.17.207.207/s50x50/1150841_613052378714987_979982266_n.jpg?oh=11fe7ec150c62006256db0d57b02655c&oe=560DBAC4&__gda__=1439997684_df52e305b2fc870861414fd27e38c531','21231507','Myriam Sofia','Rincon Herrera','lizethh0893@hotmail.com','3173990645','2015-05-08 09:52:50'),(156,160,'','','49659635','Graciela','castro peinado','gracie6516@gmail.com','3157891806','2015-05-08 09:53:55'),(157,161,'AaL2CValKZlsdiFf6flM9kGZXGl6CtOISclu9ud5H78SsDORUaYqkMqvmrUWqpT2znlZ3QCQXLaHWGaNKxf2siJV6oTaFxLG5qtr86idrmP02A','https://fbcdn-profile-a.akamaihd.net/hprofile-ak-xpf1/v/t1.0-1/c0.0.50.50/p50x50/1510686_437805653009127_1866435559_n.jpg?oh=acf1f0ab4017d27229631c3b5900ed25&oe=55D42786&__gda__=1440287209_2b1d58654e1dd2626e85dd8685c7b422','26419768','Luz','Hernandez de Gonzalez','luzdegonzalez70@hotmail.com','3153242895','2015-05-08 09:55:59'),(158,162,'','','51578522','Ana georgina','Soler Murillo','anitaorquideas@gmail.com','3105818843','2015-05-08 09:57:26'),(159,163,'AaK5eFPs9cJbGKBu36P3S-SR7nT07LLtY40KO3SwJnxrOTG-B0NRAfgpRDXl3tV8SGnRY69Lzj92Cs5IEXscRxildUQTdG1ZUzqRBnT9JgUGiA','https://fbcdn-profile-a.akamaihd.net/hprofile-ak-xpf1/v/t1.0-1/c1.0.50.50/p50x50/10171276_789531254405329_8924043774250458523_n.jpg?oh=76fc051c8e3f065819875ef043a29fa1&oe=55D1F9D5&__gda__=1443646848_2b790ad3909ef84f83021761b9a135cb','57428471','Deisy cecilia','sanchez lanao','deicecilia@hotmail.com','3204983429','2015-05-08 09:57:53'),(160,164,'','','31237692','Amparo','Jaramillo Enriquez','olga_saja@hotmail.com','3145607981','2015-05-08 09:58:08'),(161,165,'','','21167236','ARACELLI','TRIANA','aracelli.triana@hotmail.com','3174380015','2015-05-08 09:59:31'),(162,166,'AaJ6CRwt3qy_1pX2PJpIuLpvlR_JcvTT5zdNM9uXX4jCSuJhLG0nJzsFw-qoaY-5tMg3Qp6B0AHskAIPQnaq0fOoY_znz_InXqAmawjWNw-_Fw','https://fbcdn-profile-a.akamaihd.net/hprofile-ak-xfp1/v/t1.0-1/p50x50/11081302_949270975117954_5071338337290362869_n.jpg?oh=31336e38ca8659c81ec607c67256191d&oe=55C05507&__gda__=1443580513_c69ef73012d910e59b1ae43f25832144','51911097','Maria Aurora','Mesa Caro','aurora.geminis@hotmail.com','3124394375','2015-05-08 10:00:15'),(163,167,'AaLE0De-Lbz2jjKDZpx8BqSyjpgwJtkk-IqUXgXmZ9N8cEaGAWH9ETpoY-5vwgjuiDfVRk0pzbmifeG74ldWzC6Aw2DXiyO6aAoMZjWTAYyZ4w','https://fbcdn-profile-a.akamaihd.net/hprofile-ak-xfp1/v/t1.0-1/p50x50/11182194_828879467195759_724267288938997177_n.jpg?oh=8d4bc67f64a3795ca81d1cbf07830a8e&oe=560CC2E1&__gda__=1440049652_6c0a860c61f030885364ee31cb2fc0ea','31910526','Maria Cristina Velez','velez valencia','agenciacaliamor@hotmail.com','3157544128','2015-05-08 10:01:20'),(164,168,'AaLdHFIEwlY1PGoPIoSXXbwGZACITyZNF6s90li35x01ysqgXaaUhzDvKmxD7XzaN59W1ntOTeHuc0XAucLh9thDHjLpvynH8Qz-xnli9e6mHQ','https://fbcdn-profile-a.akamaihd.net/hprofile-ak-xpt1/v/t1.0-1/c8.0.50.50/p50x50/1898238_10201755478796435_1890100691_n.jpg?oh=397034941b8fbe8de72a67cec9657316&oe=55DD592E&__gda__=1439045093_887cb60fbfff1f4a6be752d4427a968c','51800424','Esperanza Valbuena','Valbuena','espernazavalbuena@yahoo.com','3108609842','2015-05-08 10:02:42'),(165,169,'','','34984930','nelfi','enamorado tordecilla','nelfienamorado64@hotmail.com','3205384467','2015-05-08 10:04:24'),(166,170,'','','42688434','Maria Ismenia','Daza Garcia','midazagarcia@yahoo.com','3175010102','2015-05-08 10:08:06'),(167,171,'','','51748845','MARIA MAGDALENA','CUEVAS CENDALES','magiecuevas@hotmail.com','3106801444','2015-05-08 10:08:39'),(168,172,'','','167090','Julia Elena','Cabrini de Arteaga','','3103298080','2015-05-08 10:11:48'),(169,173,'','','38282967','Dila','Molano Tovar','anglove9010@gmail.com','3223879389','2015-05-08 10:22:21'),(170,174,'','','26173789','Yesmy del Carmen','Durango Ospino','Yesmydurango@hotnail.es','3017433624','2015-05-08 10:26:03'),(171,175,'AaIWYcxdzFsmaaWlUP1tArugPgM1YHlVSGbpvy1LhIvQ3isAoGHzJZa-Zhp6Ir3ePqQW--jyxtKZOK2A02WArLzq4n9rzbybTJXUK3ercj4uVw','https://fbcdn-profile-a.akamaihd.net/hprofile-ak-xpf1/v/t1.0-1/p50x50/10449453_685100794910874_7008676140843203028_n.jpg?oh=236af26f3696fd1d2f930ffb67b0c803&oe=55DDAB39&__gda__=1440240018_fcb75c945f06dc6cf30352518d664a34','43144012','Uri Cordero','cordero','cindypao332@gmail.com','3113608492','2015-05-08 10:26:18'),(172,176,'','','21396179','consuelo','montoya','consumontoya@hotmail.com','3162207835','2015-05-08 10:37:01'),(173,177,'','','20662379','Alba Cecilia','Salguero Mancipe','ariam2716@gmail.com','3142990079','2015-05-08 10:39:04'),(174,178,'AaLVy4ytc0mQqP9Bdp36nrUoWpOFsGzhDckG4zxbZ3ap9QJzWMXDNpcFXP99GEoOjgHuy6pb9FhT95ixn-3rcaJ96wAjI_tEoazTUZ_yS0UpTQ','https://fbcdn-profile-a.akamaihd.net/hprofile-ak-xap1/v/t1.0-1/p50x50/10439398_1462060184084538_6537225729449232997_n.jpg?oh=3df390ca34326761ea9d141c6a0309d4&oe=55D9E65D&__gda__=1440397724_dcb2c8d3216987912dbb0e80147fa659','29869401','Maria Esperanza','Suaza Tenorio','mariasuaza99@gmail.com','3183772966','2015-05-08 10:40:05'),(175,179,'','','25155368','Beatriz','buitrago','samigu1977@hotmail.com','3146065036','2015-05-08 10:40:56'),(176,180,'','','40786838','Carmen  LEONOR','Caballero López','leitofi2005@latinmail.com','3018952559','2015-05-08 10:41:03'),(177,181,'AaLFoim3CvXF_MTsFVbG3Kxsyu_Ir9Yvi0S6Zfp1-1dqIVkoO9PplRyJ_Ivec_euJnmeVmI5Q6sMi2rlutZ5DzmAcz0sxl1usc1PsU6aafoXaw','https://fbcdn-profile-a.akamaihd.net/hprofile-ak-xta1/v/t1.0-1/p50x50/10246420_660621560658285_6989217196392308836_n.jpg?oh=2db05667158c58c8c454e1ee2c7048e8&oe=560B173D&__gda__=1438917068_7429c475d528fa914c9d593c2b409e59','32557885','Luz Mary','zapata velasquez','lmaryzap93@yahoo.es','3146081995','2015-05-08 10:47:08'),(178,182,'','','43739271','Diana','Mejia jaramill','dianamejia598@hotmail.com','3206149188','2015-05-08 10:50:31'),(179,183,'AaITHjGDS8YYOLp7_Z4FcvegSNhp1MenydKOn5hvNXmYpj1BmJHQeV3wn9jUG_ah_-Jk7R3OM0DE-f-BPyxCBz0V2ORE5p0wTvnnbJiYEIwAzQ','https://fbcdn-profile-a.akamaihd.net/hprofile-ak-xpa1/v/t1.0-1/c0.0.50.50/p50x50/10455336_691450244260835_5141692788913725296_n.jpg?oh=5d0b1593cdffb591b7ff7b213a5794ee&oe=55D4CA9B&__gda__=1439336613_d8f1b233691d42d57821418f832afd8a','32827912','Nelly Patiño','lindarte','sppatino3@misena.edu.co','3135097813','2015-05-08 10:54:57'),(180,184,'AaIH63Bb5QaqxC-1kWwZ7iJTQ-zHGmF0J1jdkQrNkjmZYEZVpzg2ArCKdlIJ3KFZCWNMYtXa-eWv0zBbxcLUzys4WV2iB7nnODo9HERTaA-Q0Q','https://fbcdn-profile-a.akamaihd.net/hprofile-ak-xfa1/v/t1.0-1/c8.0.50.50/p50x50/1458503_10202989313753470_1456102337_n.jpg?oh=9599159e46f72ac08f9fcd9d4bdb4e91&oe=55E08A57&__gda__=1438580251_60fb15c7615b12553f36915f9a7b8beb','20951355','Maria Fanny','Peña','fannypena32@gmail.com','3012029695','2015-05-08 10:56:41'),(181,185,'AaLKEKWAsTZQs4dj1x4ervtq_PhOSN3CVy4XdwZXFlFAA-31cAipYphYnKegyHLlL2RCiRs-44ApiYpOBzhxaCuR3Me3mGQMn8wmLHxaRTM3BA','https://fbcdn-profile-a.akamaihd.net/hprofile-ak-xfp1/v/t1.0-1/p50x50/1966904_868369653184560_43828619318180429_n.jpg?oh=0c4ffbb46134b9ccfc9df097d7e604a5&oe=55CA5551&__gda__=1439242634_8b5787eccfb4c449987bb3d513a0e1ed','36556396','Maria','Cuao Arias','sergiodecu@gmail.com','3014139598','2015-05-08 11:02:02'),(182,186,'AaLrQoun72c-0ajoSlUCRBsoQxGc63oZwuWnmMx88wfyQ0MIUCsYG_bKokL4CtwPF0BxjH_W3T3Bwpq9HHHt5PjahUNbU26NruPs2VIu7KUcbg','https://fbcdn-profile-a.akamaihd.net/hprofile-ak-xfa1/v/t1.0-1/c26.26.327.327/s50x50/166404_117083941698396_5949114_n.jpg?oh=93850d52a3320b0af2c94d836710fd2e&oe=55C9158B&__gda__=1438892301_77b75f8a604e6f52c86dc7de78c4b6e1','555555555555','Lucia','Padilla Valderrama','luciapadillav@hotmail.com','3000000000','2015-05-08 11:05:47'),(183,187,'','','51592801','alexandra','cuervo fajardo','leonard141@yahoo.com','3105664249','2015-05-08 11:08:36'),(184,188,'AaIS39EFuigY75_5h5uUaIRN3KLDEOSkVQ3saQ3XEPSsqZs07jv_6sFxdOS0bzpdf0txzkRzQhcWp1Lsah6cIRcHjKO3-xeU5q0-FByETQzUQQ','https://fbcdn-profile-a.akamaihd.net/hprofile-ak-xpf1/v/t1.0-1/c8.0.50.50/p50x50/10435745_792672677432788_744393732885925847_n.jpg?oh=fc708f1d7b22a75e02fb06628b18cb99&oe=55D4DF0D&__gda__=1439369276_73fa92fdc52b0dced1357b82db24d316','52664484','Edith Deyanira','Cifuentes Ruiz','deyi2000@yahoo.com','3173607966','2015-05-08 11:09:06'),(185,189,'AaJn_zWPZqAH0qw5lWL33Yj8YAT1r8DE3bpNS1cZfl36IpTiIjXCPm5B6FilFESE9j5_GmI-zVpaY5fT-ZUlU2ja8-55CrbNzj2OOdAYzJFopQ','https://fbcdn-profile-a.akamaihd.net/hprofile-ak-xfa1/v/t1.0-1/c15.15.191.191/s50x50/419758_257900877624639_1214555644_n.jpg?oh=163ef6dffc773f9994a0aa9afd6cc3a3&oe=560947F5&__gda__=1440091589_6a752b538c508dd9426a118ae1b8de63','41521763','Maria Cristina','Cortes Mejia','mcristina.cortes@hotmail.com','3144095628','2015-05-08 11:11:36'),(186,190,'AaLLBa9TfnkL4Yc8eAIJ0_begr0zAO5nXShTrphY8AN2YtCzcpnz-L6bp-lSYzDCALO0F6Rak3Mdfb1_1A733qDoBAmOA9jZ6qghTmoH2uJ-2w','https://fbcdn-profile-a.akamaihd.net/hprofile-ak-xfa1/v/t1.0-1/c15.0.50.50/p50x50/1379841_10150004552801901_469209496895221757_n.jpg?oh=a6a490a2f8a320af6173fba05b22332b&oe=55C58D33&__gda__=1440157980_a332310b99a359cd770730bc492d2b3f','64547673','Ana','barrera lopez','jazminpeba@gmail.com','3124635211','2015-05-08 11:14:47'),(187,191,'AaJ80WoWF15kDiMmWVZdj_VH1tZ75A7aF8Ny5UFyrU_rA7UoQG0fSW55BM4a0CbnUlxvyeXwl8lPeuvlNeNjGTIhL-M7mE5ulD8mcRZBjY1_hQ','https://fbcdn-profile-a.akamaihd.net/hprofile-ak-xtf1/v/t1.0-1/p50x50/10929086_1402557013372131_9128951408229987386_n.jpg?oh=ce62799acb6036fb3d1b6ed67d23bf66&oe=55D1BB51&__gda__=1438719772_beba976f6d42451c16dc2182d51bf3d1','55144451','Gloria','Lizcano Guerrero','lizcano.gloria@hotmail.com','3115574505','2015-05-08 11:17:33'),(188,192,'','','492922','josefa','gutierrez','josefa20@hotmail.com','3149309222','2015-05-08 11:21:36'),(189,193,'AaIO8ZecmHaUGeg9lrY_uzbUqDOixpFIWHwbrB-qUdIWgdzSmRExPGMSjWeJlaASEl9hdoyMur0SWinfaW-X2eT-ALmnHz1VvQvbOj8Vz23TXw','https://fbcdn-profile-a.akamaihd.net/hprofile-ak-xfa1/v/t1.0-1/c15.0.50.50/p50x50/1379841_10150004552801901_469209496895221757_n.jpg?oh=a6a490a2f8a320af6173fba05b22332b&oe=55C58D33&__gda__=1440157980_a332310b99a359cd770730bc492d2b3f','31838300','Lucila','vasquez','s.phania@hotmail.com','3115949936','2015-05-08 11:23:13'),(190,194,'AaII5fyGDqX3Ro7aCvF30-kO5Nl9S3flTrghCG5vQR71zBODv-3j-3oSedM1072aLtW-F3nYjQlSGOAXTfcChgjJ3m4egSoChKHQYvLDazZwLg','https://fbcdn-profile-a.akamaihd.net/hprofile-ak-xpf1/v/t1.0-1/c170.50.621.621/s50x50/199538_392267514171644_1003506180_n.jpg?oh=21cd806f1bc707f2a90779f5c09ad68e&oe=55C79142&__gda__=1439051989_7ba7b68abdce20267691644765434b6c','22460011','Nieves','Ruiz de Boyano','neboyano@hotmail.com','3114368559','2015-05-08 11:23:54'),(191,195,'','','20189817','Lina Maria','Martin Urrego','linamartinu@hotmail.com','3153253344','2015-05-08 11:26:35'),(192,196,'AaLRvOhRE2i86a_q34DQ_Nr28VFo15Ax5tGSG90EUViLbfWgziF-LJgQAMqUqwOdpBPmJdOsXwa3pwT6nqTSyWXhuCcxL4WTl96D-m6yJ_0xGw','https://fbcdn-profile-a.akamaihd.net/hprofile-ak-xfa1/v/t1.0-1/p50x50/10628476_864012716994978_450549251991789153_n.jpg?oh=63de832813fe495e09f2e67f7e6489ce&oe=55D47DDA&__gda__=1443607176_fb2a27d880dc33e04f560ed20eb0a7af','52078827','Conny','Pinzon Rodriguez','paola4648@gmail.com','3125710381','2015-05-08 11:27:22'),(193,197,'AaIV4zh011Dz1Hk2z8umTPO7v55CymkR3ksyM96Y7WLydmLnjypiB2i8pHhj9Qqx55T-ynQ5E8ir85nLFwr_11N8UXN4HfXFXiBrtUyAVH-wMQ','https://fbcdn-profile-a.akamaihd.net/hprofile-ak-xpa1/v/t1.0-1/c0.0.50.50/p50x50/11209550_1407692349553829_2355866015619509388_n.jpg?oh=d0ee716e2021a63079c4458318aaf000&oe=55DE50B1&__gda__=1443715160_b3c4df8054f04429a2d4bfc397ae2dea','28293949','Leonor','santos garcias','leonor_santos_garcias@hotmail.com','3128641705','2015-05-08 11:31:23'),(194,198,'AaIXTj0yc-WXBYITJIYE0asrF8ill0GvmF6tMdUUYYP-4YjceOPpAgwjopnH2gUvbOOtkrRA-8yS3-LETgfMa_1t6wmcnl_sWjIhVRASqMIBrw','https://fbcdn-profile-a.akamaihd.net/hprofile-ak-xaf1/v/t1.0-1/p50x50/1004012_566987200007041_2015818797_n.jpg?oh=0b390f3379cb4bd53b02cda4417c98bc&oe=55DEB590&__gda__=1440565020_44fb031ab954a57859a1e1d66a5b6862','40797320','Yomaira Cecilia','Riveira Ovalle','Joseildemaro@gmail.com','3008380648','2015-05-08 11:38:54'),(195,199,'AaI5xU9Z4l9ilr-Az70coFUiVmICG2pgLUz0pWYSLL02Wa-lA1P6GoGFZhxxIV_tHBmoNsou85Ia4bmKWGDvo2vP2ZQi101hMn-ueaT_BBBoDg','https://fbcdn-profile-a.akamaihd.net/hprofile-ak-xfa1/v/t1.0-1/c113.33.414.414/s50x50/226477_168517069875657_2349792_n.jpg?oh=463f755436b42304c428adff9ca4d9c8&oe=55D8AAE5&__gda__=1439171436_4b9854d9c6bcdd25d88ccd7f4a49be23','35489945','Maria Ines','Quintero Dueñas','Ladyp2907@gmail.com','3112960884','2015-05-08 11:41:01'),(196,200,'AaIV3w25VKKlxhxPuivjMdzs2qW8iTxXRDiUQ-nySezy1ndx36o1hbPGfroTkywzvI168lLSGpvaZpzhDmIxsX77or81AhIZBxTOpkq6VliFWA','https://fbcdn-profile-a.akamaihd.net/hprofile-ak-xap1/v/t1.0-1/c35.35.439.439/s50x50/1069417_4377769020798_2122248708_n.jpg?oh=937750295a3349600e65203c0ecf726f&oe=55D09D24&__gda__=1440432603_1eec3374b4b46ae567976d5635a4b567','63297633','Maria Mercedes','suarez suarez','maria-suarez19@hotmail.com','3182459932','2015-05-08 11:41:11'),(197,201,'AaLqJHgoRn4n3jYygUjfXR8q3fpX4pSbBPTmFoD3tdxRMdHxugayY-m2tJDI3uC5WhrwmCLdwYfKWeISwIOG4hMCKPiZR-y2PxHmQErNAUpsxA','https://fbcdn-profile-a.akamaihd.net/hprofile-ak-xpt1/v/t1.0-1/p50x50/11165189_883768728332119_3576916174410926072_n.jpg?oh=2e58473115f6613944c45c2f33a2944c&oe=55CAB594&__gda__=1440246988_9e0407b241a5997a1608a2703a003e6f','40926001','Elcy Esther Menco Benthan','Menco Benthan','elcy_menco@hotmail.com','3015318735','2015-05-08 11:43:24'),(198,202,'AaKTsSxz7_mGE2-tElsGbr5ihFlZ4f3w7IX8OdAE_nZvdkWjW4SJPjS4zLd23S7viO-OGwAc-nKuKSFmJ-QU7ig3CKEhL9HTCS7keBgh5osmNA','https://fbcdn-profile-a.akamaihd.net/hprofile-ak-xpa1/v/t1.0-1/p50x50/10649451_772452609480800_696351701191654648_n.jpg?oh=ebc65fc9967063b20fceefff1429c699&oe=55DCB7E5&__gda__=1439248182_8f564464af3fed4ac39b5545e603637f','27786967','Victoria','Hernandez Gelvez','vicky5010@hotmail.com','3152607509','2015-05-08 11:45:18'),(199,203,'','','22460011','Nieves','Boyano de Ruiz','neboyano@hotmail.com','3114368559','2015-05-08 11:48:11'),(200,204,'','','32311968','maria matilde','jaramillo arenas','','3136644171','2015-05-08 11:50:11'),(201,205,'AaIN7fjxoHvvSrB6udb-dS3p0LxTYvZLd4ggiuOHNKaQPrDW24HmnhqpZ8qBcCCmqJ8Fp05jZkq5uKvP0gPNXk6SL-I5hFRSh8xJc8TPztmALQ','https://fbcdn-profile-a.akamaihd.net/hprofile-ak-xap1/v/t1.0-1/c8.0.50.50/p50x50/31113_101896369860330_3647201_n.jpg?oh=09468a0cc58e9203101e98a3c6623875&oe=55DE526A&__gda__=1440630047_24e1f7ab2e6a12679d4606a816ded99f','40355790','Fabiola Rodriguez Prada','rodriguez prada','faro67@gmail.com','3144365839','2015-05-08 11:57:20'),(202,206,'','','41684623','Maria','Gonzalez','','3102926376','2015-05-08 12:00:18'),(203,207,'','','39183861','luz naidu','saavedra parada','naidusaavedra@gmail.com','3148603184','2015-05-08 12:04:52'),(204,208,'','','31287195','auracelly','rojas collazos','chatico2485@hotmail.com','3207707996','2015-05-08 12:10:55'),(205,209,'','','25681864','Sonia','Ordoñez Carvajal','sonelaor@hotmail.com','3167890303','2015-05-08 12:20:45'),(206,210,'AaL1iSlti_1HGak3R7BVz8dXLx6CykqBKjPo9vf-61iiREEtJldtAdKBawnOUM1yf_aSqW-4scn_yhKZsaRzMKvuI316IrxBzuD3Qhq1kr8uMg','https://fbcdn-profile-a.akamaihd.net/hprofile-ak-xpf1/v/t1.0-1/c31.31.391.391/s50x50/1934283_101726623180443_5448910_n.jpg?oh=7e38f083314b19a5aab0ea452abdf064&oe=55C343BD&__gda__=1439581019_3ca4fb7410f09ac1de7bbf8c355cb2d1','52228114','Luz Adiela Anzola Restrepo','Anzola Restrepo','','3134132485','2015-05-08 12:22:04'),(207,211,'AaLmog2WrzhLc1rVMXeGlcZb0Uvlp-uXGigNqsDXsnqPVrCEwcb8QDR7Q3DdQHd9Q0RW3_GmVAODwsKUIg0DNCe0AYK7x83XnFgkjVl1Zt_R5w','https://fbcdn-profile-a.akamaihd.net/hprofile-ak-xpa1/v/t1.0-1/p50x50/11178100_1407867356199616_792114578451247163_n.jpg?oh=3a3a817b69299133b9cea91ccc2b07ac&oe=5608E300&__gda__=1443526940_b9fba2b025b345399f44ae82fe2e90a5','35503841','Luz Dary','Rodriguez Diaz','jfrancisco.alvarezr@gmail.com','3144620230','2015-05-08 12:31:49'),(208,212,'','','39637075','Ana Rosa','Agudelo','anarosaagudelo@hotmail.com','3127109205','2015-05-08 12:32:02'),(209,213,'AaJldIM_BB5v5wLXT8XgOx50K_KFFZE3jpicukP8Y4-Py9qnhBCzSTbn7dIT065ClAmqwQLgjb9RaPqn4rhUmQjrGff38CLiSGrFklJTMa_9OQ','https://fbcdn-profile-a.akamaihd.net/hprofile-ak-xpf1/v/t1.0-1/p50x50/11208655_10153304265008464_4743780365334211218_n.jpg?oh=23522b560ea461d8fa74ce6afbc44b65&oe=560B01AE&__gda__=1439269448_0e2c8570cc1789784d3d764aa7f3e8c8','31906397','Julieta Victoria','victoria Pérez','julyvic988@hotmail.com','3155425585','2015-05-08 12:35:13'),(210,214,'','','23088420','Ida Hilda','Quintero contreras','idahilda32@hotmail.com','3218992942','2015-05-08 12:42:27'),(211,215,'','','51909341','CIELO','RAMOS YUCUMA','bsmartc@hotmail.com','3195586140','2015-05-08 12:45:12'),(212,216,'','','26879934','Milagro','Patiño Valencia','Milapatino14@hotmail.com','3043354768','2015-05-08 12:56:43'),(213,217,'','','1041972985','sandra','salas arroyo','','3127804212','2015-05-08 13:01:31'),(214,218,'AaL5f-g2UB2zZBuTK_PJMk4qFR1Xs8ly3Am2zYfL9HGCqE5Fd6U_R2K6VJQ5goB8O8QO9GRHi2wQIYPd6vllpANPDmWCD_sW0_MStpitvQbMAw','https://fbcdn-profile-a.akamaihd.net/hprofile-ak-xpf1/v/t1.0-1/p50x50/10801729_731652610245663_3327647791880339023_n.jpg?oh=2ccc9cd4fe6acb623935454ffe2ba50f&oe=55C17FF6&__gda__=1439769437_4b8a799b8a8856a03039eb7d54223403','24414102','Maria Lugarda','Moncada Toro','luguismoncada@hotmail.com','3116317564','2015-05-08 13:04:00'),(215,219,'','','31411724','marisol','moreno','leyderandres.bolivar25@hotmail.com','3166680159','2015-05-08 13:09:58'),(216,220,'AaKUvIkxj7GmHOy6nfNJPgRHf5zPXQF2z_DX0zYzV_O8MFQ0EVsRWTSLvpmNTLbjMbv4ep-t7bDjjLwPzRSPiJsBkx2abDI8LdW-vWbXwyuvlA','https://fbcdn-profile-a.akamaihd.net/hprofile-ak-xfa1/v/t1.0-1/c62.22.276.276/s50x50/529050_279757265437254_458657265_n.jpg?oh=2e52ec7e740b22c84f0e673cb294babd&oe=55D43689&__gda__=1439333061_519755e91fff95d54a06955e3241e27c','41675498','Ligia','RODRIGUEZ','HANUMANAROMAS@LATINMAIL.COM','3115656169','2015-05-08 13:13:37'),(217,221,'AaKd2F_Zm9ph_FtOf8WTyCuTX40ZgFoxfHQM43trYtPWLH-P2EsbisT8ok03rtHOlAbp3d6LFZT9UU3RbwM36dGxB6ba8OL4nOaxJ3bACFSf5Q','https://fbcdn-profile-a.akamaihd.net/hprofile-ak-xaf1/v/t1.0-1/p50x50/10689778_10204585993677517_5415131158486646169_n.jpg?oh=da00b59d2618575ff297076fa30d94d8&oe=55D907AB&__gda__=1439105559_a4caf621b2e2b2a86b5cb93dfa603dd9','52051448','Sandra Patricia Benavides Parra','benavides parra','morelinda-13@hotmail.com','3107656916','2015-05-08 13:14:15'),(218,222,'','','28182778','Ana Judit','Merchan Gonzalez','','3134018335','2015-05-08 13:15:31'),(219,223,'','','50959336','Fabiola rosa','alvarez enamorado','frae1975@hotmail.com','3215513619','2015-05-08 13:23:07'),(220,224,'','','2240014844','gilma','reales ramos','monica-patricia-fr@hotmail.com','3046823754','2015-05-08 13:42:40'),(221,225,'AaJs8HGWOX3g_wmY1U55gfN9nfZLi-IHyrAOC94S9H798ztAj0PWs-q5od3LYGcQrq7ZQT22gX-ykeaf9tt3UKcEvywPQHpvEdpGNpm31kZT1A','https://fbcdn-profile-a.akamaihd.net/hprofile-ak-xaf1/v/t1.0-1/c149.53.662.662/s50x50/582719_110552832456719_1557119684_n.jpg?oh=a3b0d07172fc542f048072dd0e239a2c&oe=55DE0DC7&__gda__=1439425108_dd069171665117dc3dcb21aa3f3cd6f9','52157331','Cecilia','Diaz','chicapaez790@gmail.com','3118799759','2015-05-08 13:45:49'),(222,226,'AaJ1y6VUj8OYEBZn-Yj63cX5LPz6chhdRS93zigu7kP2QNP-wiDZD3BhaFgnV38XdWh0oTlmp5YeZC-6SIOjV9ku4KDm7DOYafqfLkHweBaSgg','https://fbcdn-profile-a.akamaihd.net/hprofile-ak-xaf1/v/t1.0-1/p50x50/11096391_1568460356759363_4546873417196050615_n.jpg?oh=c933a69d8dd42cfb0795dc016cb80f87&oe=55D7FBEA&__gda__=1439349863_4fcf86bcea7b00311d97a1a6e774fdc9','41671114','Emilse','Pardo','','3168673571','2015-05-08 13:50:25'),(223,227,'','','3112911558','gloria estela','meza bedouth','','3112911558','2015-05-08 13:51:22'),(224,228,'AaKRkWTVcvYg7phYBxAhdgRUxvbSVEdN1pIRWif5AS3b79E20gfgEAEfrWYl016esdXtzEkU4_aHUyt2wfz0dx1_98liBkpbyyed3E8cBdWFFQ','https://fbcdn-profile-a.akamaihd.net/hprofile-ak-xfa1/v/t1.0-1/c127.37.466.466/s50x50/165315_180932151934676_833671_n.jpg?oh=14be7bfb02565432089663c55e6b6cf7&oe=55CE6C81&__gda__=1438993927_cb0338e359767fb1add21bfc768b41b0','55158553','Erly','Bonilla Vargas','sherly-05@hotmail.com','3185853909','2015-05-08 14:06:00'),(225,229,'','','40365207','Ruby','De los ríos','yaquelineq02@gmail.com','3112840389','2015-05-08 14:12:00'),(226,230,'','','27890200','Olga','Ortiz de Sanchez','','3142349341','2015-05-08 14:36:33'),(227,231,'AaInnEUGElZmF9rV7q-5xRw7QiKtjR_rPj_x6-_TdJZ7qHWLSNIfCvtUa05wyep7WaLPEyRG_FuKKKo7WQejjQVPr1grGokvyHi9QRhge1GRCw','https://fbcdn-profile-a.akamaihd.net/hprofile-ak-xap1/v/t1.0-1/p50x50/11050120_10152806823980222_6515761895040133972_n.jpg?oh=902ec4cdb04b082a17be1a1d0c3a6c99&oe=55DB1C23&__gda__=1439555366_da176b0c3b14b043209d9f028753bf2e','39564742','Olga Lucia','Gonzalez Diaz','olgalu_gon@hotmail.com','3103394327','2015-05-08 14:43:49'),(228,232,'','','32117312','luz marina','hinestroza bedoya','naty3106-@hotmail.com','3206427658','2015-05-08 14:47:06'),(229,233,'AaIbsXqjB9_NRTYo-iPi-0wwxQyNAIsIIpyBXrXLyaQZ2RKmk8ogqIn5-ckYu6bUo96QiCQuOcVICb1U6mHyaocEmZO1wM5xMlemZT0Z8Zn8zw','https://fbcdn-profile-a.akamaihd.net/hprofile-ak-xfa1/v/t1.0-1/c15.0.50.50/p50x50/1379841_10150004552801901_469209496895221757_n.jpg?oh=a6a490a2f8a320af6173fba05b22332b&oe=55C58D33&__gda__=1440157980_a332310b99a359cd770730bc492d2b3f','65736678','Martha Rocio','Acosta Cardona','chiquimrac@hotmail.com','3004677931','2015-05-08 14:47:15'),(230,234,'AaLK1RY0X1A_5SrVcrUmH2KQxn8rQ5Vyyxr2uwlDWa8N2GO3zU6RDLC7xFPXKeEo9SMa3y5KgCjJSvXkS1_Epy3Dlu3lGR-L6V_QRo8U3Dd32Q','https://fbcdn-profile-a.akamaihd.net/hprofile-ak-xpa1/v/t1.0-1/p50x50/10338734_10153126860234303_6815278643996706203_n.jpg?oh=b44f970d3b54832092851662825fbcc0&oe=55C2C7EF&__gda__=1438564434_d477c7169335efd19ac8efb2fa1bb2d8','41489777','Fanny Herrera','herrera','fherreralu@hotmail.co','3106088660','2015-05-08 14:59:47'),(231,235,'','','39327024','Luz Gladys','Zapata Zapata','mysy35@hotmail.com','3218133276','2015-05-08 15:24:55'),(232,236,'','','22401627','nidia esther','rovira digregorio','','3003343737','2015-05-08 15:42:25'),(233,237,'AaLrksSuBNSdM0zeTKFpL6eRp0L0_0ZtBCO3I9NQAMaPXvIt9TpdJmncb_Nq9G-dv1JwULpSKOFyIhXGmcHDmiFrbmAILXBkaCLMwRiSUs6NOg','https://fbcdn-profile-a.akamaihd.net/hprofile-ak-xaf1/v/t1.0-1/c127.37.466.466/s50x50/230966_104035796354472_7673423_n.jpg?oh=23648539916c23108954500e438c656d&oe=55C58813&__gda__=1440140719_93805808e6237eaaa3b0a10cacec8a4b','63274291','Maria Nelly','Galvis Velasquez','crisaga4@gmail.com','3167919524','2015-05-08 15:45:55'),(234,238,'','','22390203','Gladys Sofia','Villarreall de Rivera','antonioriv1942@hotmail.com','3013234690','2015-05-08 15:49:53'),(235,239,'AaKBFbd3ufP-__bD4KXiQ2ZWqjgnou8HKGn5bOKZIQ1_poZs3hViFsyXdj0-ZvTIXhq1yjrCZE6-wQycK57JINfHtMA8wBaiCTPdw6m0ueAC8w','https://fbcdn-profile-a.akamaihd.net/hprofile-ak-xfp1/v/t1.0-1/p50x50/11160669_381131552078700_6762113617249401485_n.jpg?oh=da43cd3bef1812a0375aa5c49e35b46e&oe=55C59BE2&__gda__=1438749316_9011c1e056a94ed0a6004ec7048513db','42961206','Daisy','Cardona Diez','daisycardonadiez@hotmail.com','3006836181','2015-05-08 15:51:20'),(236,240,'','','25018873','orfa','manrique duque','','3218337955','2015-05-08 15:59:45'),(237,241,'','','66921443','Natalia','Ochoa','jonat747@gmail.com','3207423868','2015-05-08 16:09:48'),(238,242,'','','28599460','María Cecilias','Cardenas Tovar','','3105674502','2015-05-08 16:20:19'),(239,243,'','','31932193','Luz Betty','Montes  nuñez','bettmon20@hotmail.com','3108312002','2015-05-08 16:27:49');
/*!40000 ALTER TABLE `tbl_user_mom` ENABLE KEYS */;
UNLOCK TABLES;

--
-- Temporary table structure for view `vw_available_challenge_engagement`
--

DROP TABLE IF EXISTS `vw_available_challenge_engagement`;
/*!50001 DROP VIEW IF EXISTS `vw_available_challenge_engagement`*/;
SET @saved_cs_client     = @@character_set_client;
SET character_set_client = utf8;
/*!50001 CREATE TABLE `vw_available_challenge_engagement` (
  `id` tinyint NOT NULL,
  `description_engage_challenge` tinyint NOT NULL,
  `start_date` tinyint NOT NULL,
  `end_date` tinyint NOT NULL,
  `created_at` tinyint NOT NULL
) ENGINE=MyISAM */;
SET character_set_client = @saved_cs_client;

--
-- Temporary table structure for view `vw_category_challenge_completed_quantity`
--

DROP TABLE IF EXISTS `vw_category_challenge_completed_quantity`;
/*!50001 DROP VIEW IF EXISTS `vw_category_challenge_completed_quantity`*/;
SET @saved_cs_client     = @@character_set_client;
SET character_set_client = utf8;
/*!50001 CREATE TABLE `vw_category_challenge_completed_quantity` (
  `date` tinyint NOT NULL,
  `quantity` tinyint NOT NULL
) ENGINE=MyISAM */;
SET character_set_client = @saved_cs_client;

--
-- Temporary table structure for view `vw_challenge_prize`
--

DROP TABLE IF EXISTS `vw_challenge_prize`;
/*!50001 DROP VIEW IF EXISTS `vw_challenge_prize`*/;
SET @saved_cs_client     = @@character_set_client;
SET character_set_client = utf8;
/*!50001 CREATE TABLE `vw_challenge_prize` (
  `challenge_id` tinyint NOT NULL,
  `category_id` tinyint NOT NULL,
  `category_description` tinyint NOT NULL,
  `challenge_description` tinyint NOT NULL,
  `prize_id` tinyint NOT NULL,
  `prize_title` tinyint NOT NULL,
  `prize_ref` tinyint NOT NULL,
  `prize_description` tinyint NOT NULL,
  `prize_img` tinyint NOT NULL
) ENGINE=MyISAM */;
SET character_set_client = @saved_cs_client;

--
-- Temporary table structure for view `vw_engagement_challenge_completed_quantity`
--

DROP TABLE IF EXISTS `vw_engagement_challenge_completed_quantity`;
/*!50001 DROP VIEW IF EXISTS `vw_engagement_challenge_completed_quantity`*/;
SET @saved_cs_client     = @@character_set_client;
SET character_set_client = utf8;
/*!50001 CREATE TABLE `vw_engagement_challenge_completed_quantity` (
  `date` tinyint NOT NULL,
  `quantity` tinyint NOT NULL
) ENGINE=MyISAM */;
SET character_set_client = @saved_cs_client;

--
-- Temporary table structure for view `vw_prize_sale_points`
--

DROP TABLE IF EXISTS `vw_prize_sale_points`;
/*!50001 DROP VIEW IF EXISTS `vw_prize_sale_points`*/;
SET @saved_cs_client     = @@character_set_client;
SET character_set_client = utf8;
/*!50001 CREATE TABLE `vw_prize_sale_points` (
  `prize_id` tinyint NOT NULL,
  `title_prize` tinyint NOT NULL,
  `description_prize` tinyint NOT NULL,
  `img_prize` tinyint NOT NULL,
  `salepoint_id` tinyint NOT NULL,
  `description_sale_point` tinyint NOT NULL,
  `url_sale_point` tinyint NOT NULL,
  `img_sale_point` tinyint NOT NULL
) ENGINE=MyISAM */;
SET character_set_client = @saved_cs_client;

--
-- Temporary table structure for view `vw_ranking`
--

DROP TABLE IF EXISTS `vw_ranking`;
/*!50001 DROP VIEW IF EXISTS `vw_ranking`*/;
SET @saved_cs_client     = @@character_set_client;
SET character_set_client = utf8;
/*!50001 CREATE TABLE `vw_ranking` (
  `user_id` tinyint NOT NULL,
  `Nombres` tinyint NOT NULL,
  `Apellidos` tinyint NOT NULL,
  `total_likes` tinyint NOT NULL,
  `total_shares` tinyint NOT NULL,
  `total_points` tinyint NOT NULL
) ENGINE=MyISAM */;
SET character_set_client = @saved_cs_client;

--
-- Temporary table structure for view `vw_user_challenge_by_category`
--

DROP TABLE IF EXISTS `vw_user_challenge_by_category`;
/*!50001 DROP VIEW IF EXISTS `vw_user_challenge_by_category`*/;
SET @saved_cs_client     = @@character_set_client;
SET character_set_client = utf8;
/*!50001 CREATE TABLE `vw_user_challenge_by_category` (
  `user_id` tinyint NOT NULL,
  `challenge_id` tinyint NOT NULL,
  `category_challenge_id` tinyint NOT NULL,
  `challenge_description` tinyint NOT NULL,
  `challenge_photo` tinyint NOT NULL
) ENGINE=MyISAM */;
SET character_set_client = @saved_cs_client;

--
-- Temporary table structure for view `vw_user_challenge_info`
--

DROP TABLE IF EXISTS `vw_user_challenge_info`;
/*!50001 DROP VIEW IF EXISTS `vw_user_challenge_info`*/;
SET @saved_cs_client     = @@character_set_client;
SET character_set_client = utf8;
/*!50001 CREATE TABLE `vw_user_challenge_info` (
  `user_id` tinyint NOT NULL,
  `challenge_complete` tinyint NOT NULL,
  `available_challenge` tinyint NOT NULL
) ENGINE=MyISAM */;
SET character_set_client = @saved_cs_client;

--
-- Dumping routines for database 'co_madres_lg'
--
/*!50003 DROP FUNCTION IF EXISTS `wunapps_now` */;
/*!50003 SET @saved_cs_client      = @@character_set_client */ ;
/*!50003 SET @saved_cs_results     = @@character_set_results */ ;
/*!50003 SET @saved_col_connection = @@collation_connection */ ;
/*!50003 SET character_set_client  = utf8 */ ;
/*!50003 SET character_set_results = utf8 */ ;
/*!50003 SET collation_connection  = utf8_general_ci */ ;
/*!50003 SET @saved_sql_mode       = @@sql_mode */ ;
/*!50003 SET sql_mode              = '' */ ;
DELIMITER ;;
CREATE DEFINER=`lg_db`@`%` FUNCTION `wunapps_now`() RETURNS datetime
    DETERMINISTIC
BEGIN

RETURN CONVERT_TZ(NOW(),'-2:00','-0:00');

END ;;
DELIMITER ;
/*!50003 SET sql_mode              = @saved_sql_mode */ ;
/*!50003 SET character_set_client  = @saved_cs_client */ ;
/*!50003 SET character_set_results = @saved_cs_results */ ;
/*!50003 SET collation_connection  = @saved_col_connection */ ;

--
-- Final view structure for view `vw_available_challenge_engagement`
--

/*!50001 DROP TABLE IF EXISTS `vw_available_challenge_engagement`*/;
/*!50001 DROP VIEW IF EXISTS `vw_available_challenge_engagement`*/;
/*!50001 SET @saved_cs_client          = @@character_set_client */;
/*!50001 SET @saved_cs_results         = @@character_set_results */;
/*!50001 SET @saved_col_connection     = @@collation_connection */;
/*!50001 SET character_set_client      = utf8 */;
/*!50001 SET character_set_results     = utf8 */;
/*!50001 SET collation_connection      = utf8_general_ci */;
/*!50001 CREATE ALGORITHM=UNDEFINED */
/*!50013 DEFINER=`lg_db`@`%` SQL SECURITY DEFINER */
/*!50001 VIEW `vw_available_challenge_engagement` AS select `tbl_engagemet_challenge`.`id` AS `id`,`tbl_engagemet_challenge`.`description_engage_challenge` AS `description_engage_challenge`,`tbl_engagemet_challenge`.`start_date` AS `start_date`,`tbl_engagemet_challenge`.`end_date` AS `end_date`,`tbl_engagemet_challenge`.`created_at` AS `created_at` from `tbl_engagemet_challenge` where ((`tbl_engagemet_challenge`.`start_date` <= `wunapps_now`()) and (`tbl_engagemet_challenge`.`end_date` >= `wunapps_now`())) */;
/*!50001 SET character_set_client      = @saved_cs_client */;
/*!50001 SET character_set_results     = @saved_cs_results */;
/*!50001 SET collation_connection      = @saved_col_connection */;

--
-- Final view structure for view `vw_category_challenge_completed_quantity`
--

/*!50001 DROP TABLE IF EXISTS `vw_category_challenge_completed_quantity`*/;
/*!50001 DROP VIEW IF EXISTS `vw_category_challenge_completed_quantity`*/;
/*!50001 SET @saved_cs_client          = @@character_set_client */;
/*!50001 SET @saved_cs_results         = @@character_set_results */;
/*!50001 SET @saved_col_connection     = @@collation_connection */;
/*!50001 SET character_set_client      = utf8 */;
/*!50001 SET character_set_results     = utf8 */;
/*!50001 SET collation_connection      = utf8_general_ci */;
/*!50001 CREATE ALGORITHM=UNDEFINED */
/*!50013 DEFINER=`lg_db`@`%` SQL SECURITY DEFINER */
/*!50001 VIEW `vw_category_challenge_completed_quantity` AS select cast(`tbl_user_challenge`.`created_at` as date) AS `date`,count(`tbl_user_challenge`.`created_at`) AS `quantity` from `tbl_user_challenge` group by cast(`tbl_user_challenge`.`created_at` as date) */;
/*!50001 SET character_set_client      = @saved_cs_client */;
/*!50001 SET character_set_results     = @saved_cs_results */;
/*!50001 SET collation_connection      = @saved_col_connection */;

--
-- Final view structure for view `vw_challenge_prize`
--

/*!50001 DROP TABLE IF EXISTS `vw_challenge_prize`*/;
/*!50001 DROP VIEW IF EXISTS `vw_challenge_prize`*/;
/*!50001 SET @saved_cs_client          = @@character_set_client */;
/*!50001 SET @saved_cs_results         = @@character_set_results */;
/*!50001 SET @saved_col_connection     = @@collation_connection */;
/*!50001 SET character_set_client      = utf8 */;
/*!50001 SET character_set_results     = utf8 */;
/*!50001 SET collation_connection      = utf8_general_ci */;
/*!50001 CREATE ALGORITHM=UNDEFINED */
/*!50013 DEFINER=`lg_db`@`%` SQL SECURITY DEFINER */
/*!50001 VIEW `vw_challenge_prize` AS select `c`.`id` AS `challenge_id`,`c`.`fk_category_challenge_id` AS `category_id`,`cc`.`category_description` AS `category_description`,`c`.`challenge_description` AS `challenge_description`,`p`.`id` AS `prize_id`,`p`.`title_prize` AS `prize_title`,`p`.`ref` AS `prize_ref`,`p`.`description_prize` AS `prize_description`,`p`.`img_prize` AS `prize_img` from ((`tbl_challenge` `c` join `tbl_prize` `p` on((`p`.`id` = `c`.`fk_prize_id`))) join `tbl_category_challenge` `cc` on((`cc`.`id` = `c`.`fk_category_challenge_id`))) */;
/*!50001 SET character_set_client      = @saved_cs_client */;
/*!50001 SET character_set_results     = @saved_cs_results */;
/*!50001 SET collation_connection      = @saved_col_connection */;

--
-- Final view structure for view `vw_engagement_challenge_completed_quantity`
--

/*!50001 DROP TABLE IF EXISTS `vw_engagement_challenge_completed_quantity`*/;
/*!50001 DROP VIEW IF EXISTS `vw_engagement_challenge_completed_quantity`*/;
/*!50001 SET @saved_cs_client          = @@character_set_client */;
/*!50001 SET @saved_cs_results         = @@character_set_results */;
/*!50001 SET @saved_col_connection     = @@collation_connection */;
/*!50001 SET character_set_client      = utf8 */;
/*!50001 SET character_set_results     = utf8 */;
/*!50001 SET collation_connection      = utf8_general_ci */;
/*!50001 CREATE ALGORITHM=UNDEFINED */
/*!50013 DEFINER=`lg_db`@`%` SQL SECURITY DEFINER */
/*!50001 VIEW `vw_engagement_challenge_completed_quantity` AS select cast(`tbl_user_engagemet_challenge`.`created_at` as date) AS `date`,count(`tbl_user_engagemet_challenge`.`created_at`) AS `quantity` from `tbl_user_engagemet_challenge` group by cast(`tbl_user_engagemet_challenge`.`created_at` as date) */;
/*!50001 SET character_set_client      = @saved_cs_client */;
/*!50001 SET character_set_results     = @saved_cs_results */;
/*!50001 SET collation_connection      = @saved_col_connection */;

--
-- Final view structure for view `vw_prize_sale_points`
--

/*!50001 DROP TABLE IF EXISTS `vw_prize_sale_points`*/;
/*!50001 DROP VIEW IF EXISTS `vw_prize_sale_points`*/;
/*!50001 SET @saved_cs_client          = @@character_set_client */;
/*!50001 SET @saved_cs_results         = @@character_set_results */;
/*!50001 SET @saved_col_connection     = @@collation_connection */;
/*!50001 SET character_set_client      = utf8 */;
/*!50001 SET character_set_results     = utf8 */;
/*!50001 SET collation_connection      = utf8_general_ci */;
/*!50001 CREATE ALGORITHM=UNDEFINED */
/*!50013 DEFINER=`lg_db`@`%` SQL SECURITY DEFINER */
/*!50001 VIEW `vw_prize_sale_points` AS select `p`.`id` AS `prize_id`,`p`.`title_prize` AS `title_prize`,`p`.`description_prize` AS `description_prize`,`p`.`img_prize` AS `img_prize`,`sp`.`id` AS `salepoint_id`,`sp`.`description_sale_point` AS `description_sale_point`,`sp`.`url_sale_point` AS `url_sale_point`,`sp`.`img_sale_point` AS `img_sale_point` from (`tbl_prize` `p` left join `tbl_sale_points` `sp` on((`sp`.`fk_prize_id` = `p`.`id`))) */;
/*!50001 SET character_set_client      = @saved_cs_client */;
/*!50001 SET character_set_results     = @saved_cs_results */;
/*!50001 SET collation_connection      = @saved_col_connection */;

--
-- Final view structure for view `vw_ranking`
--

/*!50001 DROP TABLE IF EXISTS `vw_ranking`*/;
/*!50001 DROP VIEW IF EXISTS `vw_ranking`*/;
/*!50001 SET @saved_cs_client          = @@character_set_client */;
/*!50001 SET @saved_cs_results         = @@character_set_results */;
/*!50001 SET @saved_col_connection     = @@collation_connection */;
/*!50001 SET character_set_client      = utf8 */;
/*!50001 SET character_set_results     = utf8 */;
/*!50001 SET collation_connection      = utf8_general_ci */;
/*!50001 CREATE ALGORITHM=UNDEFINED */
/*!50013 DEFINER=`lg_db`@`%` SQL SECURITY DEFINER */
/*!50001 VIEW `vw_ranking` AS select `a`.`fk_user_id` AS `user_id`,`b`.`first_name` AS `Nombres`,`b`.`last_name` AS `Apellidos`,sum(`a`.`likes`) AS `total_likes`,sum(`a`.`shares`) AS `total_shares`,sum((`a`.`likes` + (`a`.`shares` * 3))) AS `total_points` from (`tbl_user_challenge` `a` join `tbl_user` `b` on((`a`.`fk_user_id` = `b`.`id`))) group by `a`.`fk_user_id` order by sum(((`a`.`likes` * 2) + (`a`.`shares` * 3))) desc */;
/*!50001 SET character_set_client      = @saved_cs_client */;
/*!50001 SET character_set_results     = @saved_cs_results */;
/*!50001 SET collation_connection      = @saved_col_connection */;

--
-- Final view structure for view `vw_user_challenge_by_category`
--

/*!50001 DROP TABLE IF EXISTS `vw_user_challenge_by_category`*/;
/*!50001 DROP VIEW IF EXISTS `vw_user_challenge_by_category`*/;
/*!50001 SET @saved_cs_client          = @@character_set_client */;
/*!50001 SET @saved_cs_results         = @@character_set_results */;
/*!50001 SET @saved_col_connection     = @@collation_connection */;
/*!50001 SET character_set_client      = utf8 */;
/*!50001 SET character_set_results     = utf8 */;
/*!50001 SET collation_connection      = utf8_general_ci */;
/*!50001 CREATE ALGORITHM=UNDEFINED */
/*!50013 DEFINER=`lg_db`@`%` SQL SECURITY DEFINER */
/*!50001 VIEW `vw_user_challenge_by_category` AS select `uc`.`fk_user_id` AS `user_id`,`uc`.`fk_challenge_id` AS `challenge_id`,`ch`.`fk_category_challenge_id` AS `category_challenge_id`,`ch`.`challenge_description` AS `challenge_description`,`uc`.`challenge_photo` AS `challenge_photo` from (`tbl_user_challenge` `uc` join `tbl_challenge` `ch` on((`uc`.`fk_challenge_id` = `ch`.`id`))) */;
/*!50001 SET character_set_client      = @saved_cs_client */;
/*!50001 SET character_set_results     = @saved_cs_results */;
/*!50001 SET collation_connection      = @saved_col_connection */;

--
-- Final view structure for view `vw_user_challenge_info`
--

/*!50001 DROP TABLE IF EXISTS `vw_user_challenge_info`*/;
/*!50001 DROP VIEW IF EXISTS `vw_user_challenge_info`*/;
/*!50001 SET @saved_cs_client          = @@character_set_client */;
/*!50001 SET @saved_cs_results         = @@character_set_results */;
/*!50001 SET @saved_col_connection     = @@collation_connection */;
/*!50001 SET character_set_client      = utf8 */;
/*!50001 SET character_set_results     = utf8 */;
/*!50001 SET collation_connection      = utf8_general_ci */;
/*!50001 CREATE ALGORITHM=UNDEFINED */
/*!50013 DEFINER=`lg_db`@`%` SQL SECURITY DEFINER */
/*!50001 VIEW `vw_user_challenge_info` AS select `u`.`id` AS `user_id`,count(`uc`.`id`) AS `challenge_complete`,(((to_days(`wunapps_now`()) - to_days((select `tbl_campaign_info`.`start_date` from `tbl_campaign_info` where (`tbl_campaign_info`.`id` = 1)))) + 1) - count(`uc`.`id`)) AS `available_challenge` from (`tbl_user` `u` left join `tbl_user_challenge` `uc` on((`uc`.`fk_user_id` = `u`.`id`))) group by `u`.`id` */;
/*!50001 SET character_set_client      = @saved_cs_client */;
/*!50001 SET character_set_results     = @saved_cs_results */;
/*!50001 SET collation_connection      = @saved_col_connection */;
/*!40103 SET TIME_ZONE=@OLD_TIME_ZONE */;

/*!40101 SET SQL_MODE=@OLD_SQL_MODE */;
/*!40014 SET FOREIGN_KEY_CHECKS=@OLD_FOREIGN_KEY_CHECKS */;
/*!40014 SET UNIQUE_CHECKS=@OLD_UNIQUE_CHECKS */;
/*!40101 SET CHARACTER_SET_CLIENT=@OLD_CHARACTER_SET_CLIENT */;
/*!40101 SET CHARACTER_SET_RESULTS=@OLD_CHARACTER_SET_RESULTS */;
/*!40101 SET COLLATION_CONNECTION=@OLD_COLLATION_CONNECTION */;
/*!40111 SET SQL_NOTES=@OLD_SQL_NOTES */;

-- Dump completed on 2015-05-08 16:44:48
